electricity,gas,water
171,91,28
402,76,58
314,30,70
580,81,20
430,59,80
826,81,157
610,26,94
886,33,197
355,42,29
781,56,148
373,77,139
510,55,66
422,74,121
673,52,159
780,64,67
144,73,189
131,21,191
499,52,49
199,26,76
705,32,165
205,24,163
134,56,197
279,77,49
130,81,39
146,73,139
422,35,175
494,21,149
824,78,25
696,42,72
204,62,178
263,86,161
365,86,24
377,66,32
758,84,144
433,34,182
148,83,160
171,65,113
585,84,78
482,58,175
313,43,28
342,26,96
277,36,146
210,79,61
624,43,49
683,73,141
387,72,198
866,61,69
514,27,198
431,56,155
509,61,91
143,87,199
380,52,36
108,32,113
424,51,125
663,69,125
790,48,103
131,25,30
176,46,43
188,29,120
393,67,172
195,58,168
867,37,96
275,29,103
180,46,127
104,50,50
370,23,35
467,40,121
633,66,151
103,57,179
214,21,54
690,51,36
709,43,171
582,35,143
370,87,198
236,88,86
523,23,149
391,84,71
738,59,62
397,24,51
684,40,177
238,43,138
262,22,27
240,78,164
649,43,90
845,72,135
750,44,41
621,35,159
157,84,22
650,67,89
462,33,48
868,33,56
344,61,43
110,63,199
586,38,199
198,28,180
198,33,126
893,44,39
777,27,107
199,20,192
807,40,129
729,69,180
625,55,172
201,24,54
313,70,116
357,74,48
588,35,70
847,60,103
443,74,61
512,28,164
794,23,151
309,64,83
773,47,28
838,33,50
880,48,41
374,74,81
758,74,106
352,44,77
768,42,137
886,80,61
455,81,65
474,52,173
654,74,71
370,72,95
371,75,75
694,61,96
780,86,191
360,40,185
897,43,80
538,80,144
594,63,73
122,78,130
816,63,45
385,29,197
240,48,27
542,23,118
884,31,71
706,45,153
689,55,66
725,54,163
361,41,104
493,52,48
522,84,130
818,55,127
778,47,135
520,34,32
812,71,25
591,49,162
242,25,101
229,73,92
178,60,169
576,25,34
808,61,80
833,50,142
669,34,43
808,76,24
627,64,144
332,34,160
623,32,180
246,20,41
571,79,169
213,79,20
758,32,110
421,70,77
208,44,176
242,32,52
819,66,47
675,78,65
448,74,155
146,53,111
180,23,169
472,35,84
112,76,190
661,60,149
677,30,91
349,43,154
446,31,97
186,50,74
643,25,64
266,88,62
855,21,116
727,50,194
866,36,188
392,86,80
353,65,121
464,72,25
813,20,74
846,87,92
814,59,166
398,43,67
563,23,147
320,23,142
202,64,181
424,48,152
703,49,142
626,21,159
108,63,52
742,56,163
767,82,153
849,79,60
441,64,94
842,81,68
377,51,184
526,20,72
531,88,166
160,71,165
432,54,42
710,47,51
585,88,62
447,80,36
411,90,28
272,60,131
780,24,185
873,47,132
212,57,63
443,46,32
336,76,52
295,56,78
573,69,126
491,28,196
729,26,153
726,73,33
125,64,156
551,46,170
771,37,158
233,40,184
527,86,82
877,25,181
149,51,147
371,45,36
682,28,117
658,35,113
675,90,195
348,33,113
793,54,157
600,64,156
296,81,93
793,53,55
522,23,139
449,35,45
724,75,76
811,50,51
898,67,97
589,43,89
476,32,28
626,70,78
688,26,139
834,54,161
423,64,140
671,30,85
457,51,53
368,23,183
791,37,67
876,67,67
323,67,169
463,44,46
440,46,161
750,68,53
455,79,79
303,75,108
194,81,183
252,22,69
257,28,90
143,52,154
623,31,24
301,23,63
159,27,43
854,41,51
397,40,51
806,77,174
311,90,179
712,84,158
250,39,94
612,21,25
437,36,93
685,45,35
210,44,125
172,32,116
316,89,43
623,61,119
142,51,118
817,82,119
132,71,84
148,54,58
410,52,55
636,84,198
802,80,112
552,89,126
322,62,25
842,26,182
633,51,22
379,46,100
722,84,127
812,20,119
754,63,114
799,26,149
387,53,143
728,90,109
421,43,63
495,71,36
742,38,57
431,78,152
710,49,76
364,60,60
284,80,194
342,77,122
291,82,181
802,60,44
291,47,157
787,80,184
218,32,67
857,83,87
719,71,32
688,58,154
303,87,24
557,57,181
781,52,97
743,74,25
701,52,57
625,88,174
457,54,84
759,26,194
549,88,106
471,72,132
764,51,51
336,20,74
695,43,140
539,68,149
703,21,101
773,89,134
329,45,102
134,88,36
474,86,106
211,83,131
529,77,91
739,70,102
434,31,93
193,69,200
762,84,114
850,85,37
529,67,84
619,26,174
120,23,45
349,24,134
575,28,154
230,24,103
458,36,104
624,23,147
484,63,145
139,52,50
470,36,61
298,56,182
556,39,36
270,51,91
504,53,31
840,84,89
681,26,55
800,21,136
321,52,159
886,23,42
447,28,134
534,68,148
313,59,176
495,64,181
456,76,190
850,54,37
484,70,119
120,77,103
656,60,89
566,74,121
203,45,145
344,73,78
635,65,120
276,76,194
598,63,46
369,87,56
870,46,73
640,34,136
891,63,170
431,32,87
414,45,30
726,44,61
488,45,199
435,87,45
807,53,45
407,79,176
405,58,114
653,52,129
377,28,154
892,40,126
332,36,173
804,70,39
456,73,176
729,82,102
332,50,191
381,21,180
492,87,188
866,26,84
445,26,170
470,73,95
178,32,130
750,55,76
667,68,151
441,34,84
473,88,180
543,60,188
429,72,167
425,90,95
544,75,80
812,31,77
807,55,109
473,87,191
815,21,29
609,81,139
308,62,174
881,85,176
640,45,22
837,28,128
555,35,44
595,89,29
565,56,61
301,27,65
376,58,191
590,33,171
334,61,195
503,90,140
736,73,179
535,77,42
817,63,193
817,71,124
777,52,60
361,40,87
748,26,79
129,40,141
838,28,24
779,58,82
502,65,183
785,70,149
668,55,199
612,74,71
380,27,71
150,39,75
449,62,80
582,62,159
332,87,196
733,68,180
334,52,180
331,90,38
225,62,178
380,88,33
772,56,156
224,33,112
753,25,140
708,32,22
112,36,161
365,62,185
425,79,175
734,72,71
280,28,101
424,67,125
678,84,142
414,85,21
418,24,153
326,64,76
607,33,45
682,31,177
620,36,57
460,59,89
491,36,161
787,51,123
630,29,143
340,59,35
714,30,143
565,54,178
660,36,80
228,89,123
792,74,66
530,77,71
821,79,72
261,68,136
146,50,36
425,72,65
378,80,138
828,69,145
697,52,105
844,60,107
543,57,140
746,22,100
407,31,131
485,90,133
476,39,66
837,52,48
149,52,162
798,73,190
602,21,139
247,34,59
691,50,76
207,43,60
732,54,169
118,86,187
162,83,194
294,40,36
739,79,83
724,41,59
128,71,122
805,21,68
765,60,193
870,27,129
886,78,103
369,61,188
213,37,127
563,61,107
788,24,173
633,68,101
264,55,87
396,27,36
243,52,147
855,69,167
267,90,30
239,34,44
840,73,52
646,76,26
507,54,199
189,61,51
303,45,96
618,62,184
251,22,143
416,22,163
867,36,93
174,61,66
844,63,58
118,40,158
249,30,118
215,78,175
428,65,41
627,36,34
684,39,62
617,60,136
427,87,56
169,28,68
642,57,164
616,32,78
100,77,196
179,59,132
518,41,65
477,81,78
707,73,173
363,89,77
435,62,96
421,32,168
867,20,64
891,74,42
135,39,103
300,60,33
754,89,156
246,82,79
784,21,44
163,59,157
701,64,166
487,25,66
394,47,198
889,74,107
651,28,127
120,61,115
198,22,112
386,37,80
844,55,123
899,52,183
419,85,38
308,76,162
878,25,156
718,22,200
708,55,41
281,46,174
821,85,73
823,69,60
707,45,138
420,38,134
564,45,118
382,76,90
579,61,152
514,23,21
688,55,161
723,53,112
847,65,126
350,73,179
889,47,181
197,62,123
752,89,26
865,41,92
647,31,127
207,34,63
580,31,74
206,79,164
669,20,47
279,66,21
487,33,123
820,70,48
814,51,46
181,54,52
528,84,97
210,90,182
397,27,56
227,56,60
820,35,120
280,24,196
815,61,101
713,30,132
148,41,68
300,39,88
598,36,38
470,66,113
696,33,76
754,76,128
803,68,179
413,89,117
280,26,93
403,82,190
482,72,64
446,66,26
209,74,117
551,86,82
633,75,138
354,86,160
657,73,49
156,76,112
528,45,90
752,68,46
634,80,166
675,32,48
575,34,110
563,57,135
150,61,196
646,55,169
522,83,106
190,51,110
633,49,178
716,32,69
511,49,146
375,65,159
413,49,85
224,41,132
211,84,96
252,44,47
839,83,142
826,28,143
839,32,103
430,71,72
655,44,123
426,42,144
507,31,44
840,57,46
110,71,126
400,24,169
419,74,58
253,63,102
514,67,156
658,37,93
836,25,50
598,25,24
540,73,139
506,38,28
360,25,188
475,41,72
225,57,151
391,54,121
564,87,143
700,29,198
557,80,40
660,50,195
448,20,85
782,64,179
898,69,162
600,29,57
625,84,200
380,55,139
532,51,81
259,84,190
707,67,111
637,33,182
405,63,186
137,77,179
336,37,200
671,36,112
117,72,49
189,62,168
463,24,169
840,40,113
151,76,77
629,68,158
814,75,84
441,46,51
486,85,107
838,77,104
338,37,89
675,60,29
605,60,21
687,31,79
840,87,182
755,36,182
463,22,194
157,36,112
148,72,104
543,39,144
802,30,198
686,51,47
554,69,142
312,29,161
158,87,99
873,32,122
663,59,132
862,64,191
449,69,178
381,41,177
472,46,140
508,56,31
805,50,180
491,20,76
890,72,63
664,51,155
883,47,76
520,86,36
822,42,118
324,30,26
788,40,111
156,31,123
389,80,171
430,88,183
134,24,143
185,37,21
565,43,54
671,71,28
223,84,156
358,80,176
563,33,122
358,51,90
592,38,135
179,38,113
832,44,29
615,28,48
743,51,186
689,62,27
764,28,147
195,66,23
492,52,197
559,77,188
239,24,45
762,83,75
493,63,114
394,46,139
599,24,70
293,35,182
386,56,142
758,73,131
370,58,95
411,86,95
267,58,26
635,45,130
324,87,128
265,27,51
757,28,121
339,33,23
421,70,110
393,82,54
573,87,92
281,30,22
639,36,192
153,49,157
203,66,88
775,51,115
758,76,155
343,25,106
882,83,67
636,23,117
412,44,65
827,85,160
711,85,80
285,32,81
516,23,172
738,42,150
773,46,88
371,23,31
157,58,83
881,68,174
176,50,25
301,63,97
456,41,157
697,62,27
198,54,200
607,74,191
862,44,171
192,32,118
136,40,65
450,82,35
703,39,130
812,90,104
224,86,121
412,33,113
240,73,30
248,74,166
108,36,191
190,28,185
596,42,51
497,75,25
121,84,76
442,83,100
234,70,53
649,84,43
398,75,127
602,68,122
711,53,47
851,55,96
854,39,121
142,78,46
478,72,87
570,67,98
191,86,156
294,52,58
627,37,132
729,89,103
109,54,156
457,47,149
162,48,135
581,46,169
628,46,124
309,45,113
106,75,134
647,25,78
348,54,93
486,85,155
718,84,95
368,24,114
168,40,182
753,24,167
375,67,111
303,66,146
476,41,26
275,80,110
561,21,60
176,52,101
588,80,120
514,65,192
327,50,151
138,25,148
555,22,172
416,57,111
604,41,154
845,28,149
724,43,145
411,86,127
738,31,47
467,55,124
634,59,180
250,80,57
222,46,140
337,41,199
156,69,26
571,55,162
493,31,60
236,64,194
650,26,89
789,55,135
641,47,182
101,27,113
840,68,84
572,55,95
765,55,183
766,51,89
834,24,112
425,72,178
828,36,100
105,52,91
630,33,184
165,56,145
291,40,51
131,49,76
332,35,64
319,74,61
123,22,140
490,70,186
890,28,97
584,64,128
152,29,32
280,82,126
721,63,115
382,81,122
668,47,104
241,55,178
112,61,81
636,61,101
226,68,87
424,56,123
316,30,105
205,79,111
558,66,81
106,63,198
437,84,22
474,23,200
759,39,65
798,53,25
560,74,92
835,72,188
755,20,154
538,53,128
157,54,148
434,86,72
770,49,43
254,89,62
861,82,89
159,29,89
529,34,103
273,72,99
288,58,167
184,46,80
105,36,189
455,22,132
173,51,97
722,59,46
497,57,26
153,23,144
831,39,76
205,56,181
632,81,78
147,47,33
774,56,98
595,51,111
411,73,187
348,32,83
214,69,103
136,88,154
268,70,161
541,78,146
504,78,134
458,36,146
822,51,77
378,26,84
258,69,160
209,38,88
833,80,54
629,38,115
829,21,55
268,65,114
187,72,139
543,35,45
778,50,80
659,23,161
844,27,144
885,31,61
395,26,177
137,73,164
571,49,124
849,25,60
161,55,159
607,71,31
435,78,166
174,70,142
263,24,160
304,41,200
855,26,108
755,69,88
318,58,199
552,89,88
534,66,155
287,89,74
157,39,83
530,41,49
295,22,86
856,40,56
345,49,120
679,27,198
664,56,172
582,66,60
887,63,145
744,32,111
584,20,31
620,67,60
890,89,50
422,28,51
415,34,141
379,49,83
596,84,97
399,64,79
587,40,89
120,42,123
774,69,130
329,65,37
672,24,137
119,87,164
788,30,166
188,37,137
149,24,32
106,41,47
332,61,127
835,33,131
177,41,95
783,40,175
773,63,200
112,58,89
338,39,180
285,90,123
357,64,159
287,59,129
239,77,195
630,37,35
284,31,89
484,22,133
333,62,140
544,69,27
278,54,91
334,28,96
711,30,71
663,29,22
626,20,38
415,75,29
559,59,165
431,49,146
820,40,69
288,32,96
486,40,144
238,53,73
453,77,113
617,77,194
752,54,173
378,68,101
341,70,133
114,73,167
565,26,130
347,44,73
116,24,141
226,75,99
506,79,122
418,57,51
195,59,64
341,64,153
497,56,47
511,42,134
696,48,190
649,41,105
783,88,113
322,32,116
195,30,58
635,20,138
847,30,190
364,75,87
328,27,178
713,38,56
231,32,152
291,69,135
218,39,177
107,33,194
656,89,25
235,60,24
727,65,25
899,22,62
838,84,134
183,28,171
549,63,40
690,59,93
179,49,83
362,72,144
420,75,44
803,78,59
726,79,47
810,40,86
670,72,65
565,44,38
212,69,184
724,88,39
703,50,27
778,50,38
354,55,174
883,50,110
461,82,160
432,29,153
161,67,124
626,81,31
390,81,97
232,35,157
419,75,35
196,83,155
289,22,65
117,75,67
821,29,72
206,22,169
242,56,168
747,73,197
382,21,133
233,76,191
526,40,75
719,72,44
186,42,108
513,85,25
874,47,200
388,21,194
109,65,165
461,82,91
811,31,194
350,87,152
702,60,57
674,22,37
599,21,157
527,52,140
178,58,73
661,26,37
352,66,75
380,69,155
868,34,143
371,61,112
399,38,114
491,90,99
639,59,73
504,57,198
815,59,106
509,86,83
653,36,154
229,44,146
528,39,106
400,35,74
264,37,166
604,22,119
416,45,160
388,54,70
175,52,82
651,84,24
582,52,48
242,42,32
537,60,31
144,64,84
247,60,24
258,59,129
612,43,125
710,60,184
884,26,55
772,90,167
154,71,178
348,89,68
244,46,83
877,86,119
279,38,32
100,58,187
662,68,103
153,87,173
711,29,137
329,31,72
122,60,196
471,41,25
472,56,48
390,25,52
718,21,30
415,52,188
197,63,159
777,64,179
132,37,51
329,68,43
686,39,58
631,24,34
427,31,73
530,88,124
878,76,129
242,74,77
770,34,120
109,64,81
340,48,152
538,31,180
224,83,40
734,48,104
107,41,37
312,43,47
621,89,23
366,44,120
753,39,151
647,66,132
303,20,52
841,45,156
634,39,198
320,51,99
162,40,163
708,49,61
394,60,62
224,71,200
860,62,29
889,49,105
738,32,74
276,32,75
175,21,46
185,42,143
618,67,139
165,55,143
591,22,131
178,65,193
219,33,140
641,30,41
387,22,88
415,71,55
279,76,133
447,28,130
206,58,155
314,61,70
118,28,122
168,71,106
136,46,160
529,80,117
211,73,119
872,70,192
332,65,157
454,23,195
472,36,129
513,26,59
867,26,200
257,57,61
420,77,160
497,62,69
154,40,37
851,23,123
458,50,124
380,81,173
332,50,139
787,60,144
710,56,96
897,75,96
574,70,184
700,43,173
700,58,192
195,40,48
888,37,66
208,66,76
217,89,31
429,30,171
281,28,196
526,48,65
854,23,151
326,29,126
582,82,145
812,42,38
588,38,130
828,49,112
577,87,90
446,29,33
155,33,179
721,79,144
567,51,89
350,37,56
190,37,36
249,72,185
207,40,24
888,50,188
880,56,123
398,23,198
146,54,94
446,35,115
347,48,164
868,89,116
781,68,89
378,51,36
722,49,44
219,66,111
566,61,190
498,55,27
633,27,124
528,39,65
887,76,153
207,34,56
439,51,51
570,49,45
723,48,190
564,37,165
498,56,120
123,72,148
403,90,27
608,43,152
703,57,140
490,73,131
503,67,109
421,60,153
123,31,81
105,49,105
685,38,23
856,45,95
597,36,24
881,89,26
295,47,109
828,45,186
716,66,68
654,53,165
214,89,126
556,67,188
253,90,43
555,45,199
800,66,86
650,59,67
272,89,149
370,78,40
346,74,37
249,35,42
619,77,107
511,90,63
799,52,199
226,70,113
497,60,67
755,87,133
435,21,27
654,64,35
659,65,155
343,73,35
104,51,126
520,35,98
386,64,116
875,85,99
408,74,158
771,72,146
104,28,91
694,67,200
211,78,147
822,47,29
639,21,102
893,36,181
790,70,119
664,22,160
368,73,193
482,89,21
606,76,164
332,23,115
413,62,145
598,79,55
878,23,156
726,38,93
133,40,24
215,85,50
839,83,179
332,22,99
353,62,37
454,81,22
222,57,95
545,57,145
406,80,31
783,77,56
353,70,158
585,62,141
640,75,22
756,20,26
833,64,140
800,34,50
235,55,83
150,77,132
794,30,42
863,39,105
642,45,103
427,87,133
841,42,58
280,56,60
134,52,32
269,53,139
146,52,163
427,46,125
271,55,112
526,59,120
155,75,72
729,37,175
414,53,180
425,24,43
333,48,165
596,62,190
595,57,94
103,53,169
376,83,96
342,54,63
803,47,45
155,54,51
697,63,57
844,49,136
474,48,41
312,88,171
730,67,41
365,48,43
862,21,183
896,88,41
859,25,23
787,87,152
812,78,184
213,80,65
884,20,157
281,53,47
793,66,170
262,72,72
272,48,75
752,46,83
624,25,107
769,45,178
503,39,77
138,51,73
667,28,67
513,20,51
126,49,114
363,25,166
718,32,125
886,62,186
552,23,40
247,31,135
777,41,95
890,47,98
287,32,156
787,43,100
148,47,87
735,46,22
798,56,70
557,65,172
785,53,142
638,50,32
157,42,161
336,80,197
793,38,112
490,58,90
482,49,163
298,79,84
658,39,186
562,74,194
741,74,37
319,87,190
700,47,101
729,44,157
179,37,173
433,45,116
459,88,149
673,71,81
785,68,119
878,47,181
881,60,192
219,85,63
138,46,36
803,51,76
264,20,112
188,34,87
488,41,178
673,60,60
814,66,165
257,23,149
830,58,140
740,51,180
101,44,171
637,59,64
597,49,173
403,73,97
342,86,71
297,32,38
805,75,104
749,64,144
632,82,48
289,29,196
305,39,107
298,69,120
312,47,171
564,69,192
346,38,66
791,69,196
549,90,169
371,73,139
794,46,81
323,71,124
648,26,96
699,86,78
792,67,133
287,79,186
243,25,191
695,56,153
204,60,77
500,35,39
439,49,99
418,57,79
105,53,95
377,58,148
117,82,114
712,83,51
894,20,40
474,60,192
212,55,26
327,63,160
139,49,162
146,36,31
616,30,102
460,89,96
378,43,114
264,55,22
351,22,187
247,86,144
162,22,140
428,41,34
671,70,190
134,56,37
374,28,61
506,40,97
888,20,199
385,51,200
265,85,35
852,72,175
397,43,146
739,29,166
301,47,150
620,56,184
504,88,175
541,79,100
389,82,154
589,38,41
318,21,185
801,43,169
525,31,196
181,32,69
834,59,59
682,42,61
373,73,103
285,52,57
750,55,91
536,90,99
174,59,198
571,80,62
379,51,59
479,68,66
156,40,162
638,53,111
788,89,114
630,68,66
747,23,149
751,76,97
871,55,182
824,63,57
159,70,70
629,65,199
408,45,110
128,44,174
196,67,182
478,81,138
767,28,109
298,45,72
712,90,101
740,88,88
730,41,25
773,73,152
177,68,43
553,25,56
453,46,107
630,68,38
240,62,149
724,73,197
668,31,64
850,83,24
615,54,63
314,62,129
304,22,35
226,29,84
583,37,180
695,68,149
618,84,25
477,20,119
188,33,131
428,85,115
581,88,146
334,86,172
668,78,138
762,59,164
439,30,84
223,25,140
582,83,120
884,46,24
444,41,168
336,88,199
846,38,122
541,34,41
551,75,61
408,57,184
784,21,186
857,56,46
804,79,150
459,29,198
127,64,72
199,30,48
725,80,172
770,71,196
335,86,39
659,55,74
135,65,140
561,54,64
676,24,25
637,65,134
420,46,185
436,47,161
324,90,161
809,41,128
815,67,200
648,84,173
676,38,57
362,58,96
191,71,63
823,74,126
577,26,90
220,55,136
863,70,160
356,45,135
461,35,177
355,61,38
590,39,66
811,66,197
814,56,176
183,59,25
560,61,84
713,20,152
494,49,68
182,81,42
232,57,45
359,32,99
560,33,22
600,29,140
713,32,143
876,74,120
831,34,92
615,59,135
746,36,28
404,63,146
326,46,129
209,89,172
774,85,92
874,70,47
784,85,86
479,63,146
463,87,147
179,25,28
281,81,184
676,59,132
348,73,35
102,21,105
198,34,166
425,25,74
413,27,153
723,78,72
680,56,89
327,71,134
592,42,89
179,86,165
898,67,159
561,75,69
847,40,30
137,35,74
881,61,125
619,27,170
240,52,122
324,45,75
354,45,175
437,72,187
828,63,64
339,54,131
258,76,170
827,49,49
163,21,138
386,61,84
592,22,193
713,29,30
733,42,176
463,25,77
435,83,22
192,65,77
403,57,73
133,47,60
458,79,90
648,82,103
842,22,82
349,50,37
603,51,167
796,81,50
730,75,23
465,57,56
693,21,26
742,85,72
358,28,45
732,86,50
655,78,193
777,79,93
300,31,133
143,32,187
415,52,186
588,61,92
797,46,94
137,25,185
454,52,184
193,79,196
666,84,181
411,80,107
858,23,66
334,81,28
813,41,174
663,46,111
171,89,158
738,88,167
677,60,200
245,65,46
654,57,199
380,27,164
570,85,85
806,76,104
522,67,178
884,50,24
696,75,60
895,58,38
349,44,195
519,80,71
438,81,74
117,88,20
715,50,28
202,22,134
669,89,50
165,64,110
845,65,185
510,38,71
653,73,121
376,43,138
865,75,104
360,68,34
827,63,41
107,68,50
120,80,184
867,49,132
553,46,107
637,59,153
369,50,63
896,83,114
357,47,151
820,82,103
656,60,93
573,27,71
867,79,107
644,69,36
580,40,127
442,20,163
783,73,40
759,72,153
458,26,149
874,51,158
172,37,109
281,77,183
614,34,194
580,33,142
368,77,106
262,80,105
768,34,162
107,69,85
135,89,82
842,84,107
198,89,113
809,34,62
110,44,110
414,48,127
375,78,165
785,34,122
717,63,132
491,78,165
793,43,148
793,89,129
574,53,80
701,31,90
546,55,87
879,28,56
833,68,111
362,63,170
340,39,144
407,78,45
235,60,22
533,80,138
106,62,28
824,65,124
396,83,30
579,82,56
234,38,165
150,54,184
122,46,50
539,78,111
317,67,162
620,37,179
281,27,94
558,67,165
180,78,172
725,73,199
507,89,181
681,83,41
651,45,183
546,47,122
456,83,196
210,90,91
296,82,200
131,48,91
779,81,119
712,59,76
496,50,194
754,31,134
796,33,109
863,69,188
512,74,145
245,89,75
233,35,66
375,67,134
554,65,135
206,47,101
265,51,108
262,55,136
345,43,155
738,37,113
309,25,198
736,88,164
526,78,145
310,27,43
729,59,176
702,23,183
508,86,134
608,59,187
464,31,194
349,74,182
474,57,133
337,84,119
879,46,181
186,69,26
276,86,103
268,53,122
301,39,156
519,82,128
681,57,153
608,72,99
714,65,130
497,26,64
559,73,199
459,45,176
474,39,38
508,59,36
408,67,91
790,72,21
476,51,135
115,84,39
275,85,104
801,51,140
867,42,168
468,83,105
577,45,35
783,51,79
544,78,148
899,37,103
831,44,29
605,62,45
182,47,27
558,79,50
855,40,99
635,34,191
886,38,27
879,41,146
493,65,72
529,76,147
382,23,168
437,90,30
896,60,194
327,76,187
802,50,113
486,51,156
530,68,163
570,63,36
807,73,179
327,52,108
868,50,106
440,29,81
214,78,44
562,74,184
814,70,172
505,35,167
225,35,169
259,73,104
187,53,47
440,31,20
192,26,72
175,27,64
476,27,28
611,63,77
394,81,41
834,63,91
351,33,60
299,59,35
297,26,28
374,80,146
638,45,181
232,77,29
521,73,127
795,63,161
658,85,187
555,28,177
655,27,94
590,22,175
596,77,154
135,44,146
893,74,141
538,43,176
574,48,32
281,22,97
587,48,30
354,34,162
449,25,63
861,80,187
808,71,121
766,27,116
866,85,153
480,52,61
776,85,105
199,40,141
797,59,183
263,72,46
183,67,20
693,31,109
386,89,161
231,81,44
683,74,45
143,67,114
258,44,34
613,72,118
844,47,64
842,82,80
605,20,88
530,63,157
127,56,142
186,41,50
457,39,133
763,31,31
357,43,35
815,22,20
744,28,54
775,88,135
387,80,60
547,54,63
458,46,170
849,32,157
107,42,173
780,60,173
682,32,162
854,65,83
677,26,108
448,56,168
248,35,111
204,55,51
515,65,178
737,26,106
675,25,32
762,42,148
412,88,46
856,76,20
116,36,104
449,69,88
683,76,21
115,28,57
118,48,96
310,20,65
745,51,138
496,70,153
827,25,116
124,30,195
657,88,67
135,88,142
390,25,142
446,28,104
679,87,71
183,76,45
889,58,160
865,24,42
886,76,42
353,54,71
114,67,167
385,67,72
562,39,179
121,23,132
245,62,75
615,46,45
672,70,106
272,52,145
544,34,57
641,35,160
372,44,194
248,54,170
281,42,89
685,84,144
471,22,118
225,53,164
594,26,119
472,61,77
520,76,163
292,55,84
248,77,171
870,50,90
439,45,114
860,23,86
829,70,116
242,67,147
890,58,67
292,43,99
870,28,118
842,78,41
214,23,161
161,79,53
869,87,60
660,45,85
467,43,32
787,37,140
727,32,41
312,70,110
811,40,69
201,47,93
811,37,180
492,82,70
854,51,183
497,86,62
136,73,200
474,44,153
113,78,52
699,86,31
900,63,177
137,68,30
481,25,107
265,72,138
615,41,185
238,41,60
284,78,157
725,73,20
461,44,44
766,32,163
892,65,45
719,57,38
645,86,82
280,73,182
753,22,95
318,60,113
572,77,52
614,50,157
813,63,61
371,60,89
163,80,56
588,90,100
295,25,102
584,64,91
330,30,157
186,72,183
590,36,195
326,39,190
350,71,79
322,33,51
457,20,85
565,45,125
641,74,170
131,88,85
833,70,194
569,24,169
371,35,111
269,78,52
855,83,176
633,62,102
584,48,72
832,25,147
665,37,127
846,63,117
382,77,46
334,57,55
685,36,34
682,32,72
327,62,180
749,34,110
872,34,35
814,75,190
751,69,103
595,75,45
316,32,23
345,29,69
479,26,104
149,43,45
734,46,106
228,69,154
275,32,182
661,45,142
506,26,89
552,58,143
251,77,67
547,54,111
366,62,141
863,49,113
436,45,176
247,85,46
597,20,31
256,25,74
448,68,122
790,50,181
893,62,162
793,74,121
255,52,129
871,34,119
892,66,181
709,27,38
458,53,154
576,78,94
860,70,172
411,71,108
156,66,116
723,60,106
234,63,102
529,28,53
222,46,183
147,37,125
397,87,72
443,62,99
899,88,105
752,40,123
679,79,55
281,22,42
114,48,131
140,45,192
762,87,143
478,27,182
766,56,181
132,46,122
238,81,125
663,59,27
353,73,97
546,70,92
435,74,174
576,54,62
836,87,127
198,67,182
234,75,72
539,74,79
199,50,164
210,29,141
758,85,116
481,34,38
576,71,158
708,87,188
641,88,121
702,77,31
478,69,154
268,63,35
230,37,176
126,55,77
137,33,115
408,26,31
458,84,64
869,80,166
819,63,77
491,46,131
144,26,28
417,71,21
565,35,134
371,42,36
489,20,103
503,59,92
820,88,104
285,68,57
266,56,200
330,21,120
236,44,158
320,36,200
833,40,99
604,62,65
353,72,172
179,22,121
520,40,42
753,59,200
580,65,194
550,78,28
548,57,71
266,30,192
566,36,51
245,70,127
677,35,24
690,39,160
752,44,71
345,60,64
422,36,138
605,52,179
337,29,143
433,23,125
175,42,162
883,90,157
833,57,79
180,28,77
753,81,114
898,67,170
544,32,67
339,67,195
259,53,108
820,84,46
818,78,53
105,42,130
378,59,157
757,20,120
332,44,38
701,52,127
468,57,35
632,73,154
798,51,36
236,80,150
777,61,194
188,63,28
543,21,156
734,30,100
394,62,59
305,77,124
553,56,123
595,56,139
434,37,143
636,73,22
887,71,171
898,52,165
468,26,148
294,72,158
343,23,198
513,33,153
478,90,114
655,28,139
285,77,185
372,85,183
258,23,60
255,23,97
706,90,196
253,88,112
146,49,45
742,39,77
274,61,86
889,34,119
313,89,197
188,35,101
602,68,130
138,28,74
521,57,70
471,31,100
824,90,86
466,65,198
501,62,54
486,88,136
228,89,112
410,82,200
377,84,150
687,48,147
754,67,137
853,42,49
444,45,106
684,47,72
345,65,170
651,66,57
389,55,198
755,88,170
369,50,81
448,77,134
741,21,94
232,71,58
574,67,193
118,27,77
731,60,158
191,66,39
337,58,97
491,67,88
239,26,116
276,26,79
184,53,90
614,24,106
189,52,176
199,61,35
540,70,167
645,25,139
829,90,73
547,58,182
201,82,78
404,42,53
226,51,26
156,56,109
191,39,183
160,25,107
816,65,70
114,78,35
107,44,128
573,67,44
121,28,78
266,87,41
231,82,121
896,46,111
431,27,185
521,60,156
580,65,196
222,88,130
247,61,148
398,59,35
343,80,190
232,42,168
264,42,103
146,43,144
396,44,128
323,79,170
276,63,156
673,59,162
161,52,159
682,78,156
773,50,103
480,82,80
244,50,162
114,84,103
533,30,28
435,69,112
151,44,106
782,82,102
400,77,140
760,89,74
848,34,92
391,23,42
714,82,101
770,72,34
611,52,38
270,85,30
126,22,109
364,44,25
754,80,193
758,52,23
737,80,161
610,23,64
605,77,142
703,29,193
163,44,20
369,42,110
496,23,197
858,23,24
371,27,114
603,35,93
500,27,41
827,88,54
656,90,148
524,80,110
595,86,133
652,20,31
265,46,21
344,31,71
577,25,181
326,39,139
784,85,95
428,65,142
185,56,124
660,71,144
648,30,88
824,43,156
340,58,48
224,60,160
533,80,195
356,67,154
625,71,168
510,55,189
883,88,175
723,64,195
101,75,43
502,82,95
430,63,64
313,78,53
581,64,151
247,26,189
513,52,164
382,59,133
870,84,97
305,36,63
322,51,137
518,80,108
639,69,130
813,82,124
273,80,159
894,57,171
566,73,145
283,75,83
335,88,151
198,36,43
432,31,50
233,27,71
184,65,74
594,51,129
572,90,28
452,66,104
189,42,95
489,50,23
781,67,88
730,61,27
435,34,168
751,39,194
676,42,188
183,62,29
519,60,186
630,87,112
390,51,85
172,62,182
887,68,199
190,38,98
292,23,147
879,80,67
704,37,178
454,85,175
733,58,147
408,82,174
240,39,103
719,34,51
511,23,128
142,28,76
853,51,30
324,63,118
740,65,176
127,58,152
357,71,194
474,36,116
636,20,130
843,35,152
773,36,88
621,72,71
562,39,158
397,82,33
582,73,101
682,53,26
143,26,126
458,59,29
892,57,170
202,85,28
253,38,166
777,85,21
538,46,48
683,68,126
255,49,61
874,40,102
398,65,121
804,58,33
554,70,169
585,54,108
114,59,137
813,52,45
895,34,33
854,72,95
563,59,22
333,42,104
826,38,150
773,46,92
178,33,107
485,22,80
496,86,44
834,81,32
231,28,179
238,81,37
426,55,133
392,67,114
856,82,141
219,66,182
753,26,131
367,27,36
664,43,135
626,73,172
821,43,132
616,85,54
603,59,163
302,21,183
432,48,191
139,58,81
746,39,21
143,61,62
123,59,199
894,55,62
865,90,188
137,89,23
706,30,200
772,26,167
178,64,71
371,27,21
110,26,42
872,77,141
566,61,127
256,63,190
294,48,29
519,45,187
881,81,150
292,75,35
543,68,35
519,64,41
427,72,98
460,32,182
354,69,162
389,45,182
605,52,189
818,28,113
278,79,158
823,27,189
899,54,89
290,79,163
720,40,145
712,67,123
140,42,147
155,20,141
225,76,185
834,62,184
495,77,30
647,41,110
278,45,192
683,84,180
806,26,113
157,80,149
340,77,46
650,52,96
334,38,122
881,22,56
263,86,120
628,67,128
124,32,35
407,27,187
853,29,188
799,35,161
876,26,134
265,81,51
209,44,195
114,71,138
651,81,65
493,46,73
711,22,62
865,42,82
890,23,168
464,90,114
652,56,128
293,85,79
510,68,127
665,59,47
337,38,30
728,44,157
154,46,154
531,20,26
736,33,184
705,60,100
212,58,84
474,60,186
314,36,161
441,67,47
153,69,159
740,79,43
375,82,136
239,21,146
316,82,33
100,27,23
370,43,142
234,68,196
856,66,170
750,21,46
125,57,119
767,28,97
570,62,152
758,65,135
800,58,25
210,41,33
536,47,100
836,65,81
349,69,66
857,39,69
515,39,188
744,43,123
184,73,85
736,21,89
237,28,40
420,54,177
415,37,73
760,87,110
885,88,106
893,66,67
539,37,135
387,69,133
559,86,149
279,56,56
304,62,65
383,73,150
611,35,162
118,72,88
668,65,119
895,57,153
343,83,164
132,68,113
623,27,95
243,66,189
183,77,103
886,53,163
671,46,92
646,52,69
710,83,168
898,47,177
212,38,40
219,66,89
348,74,108
444,38,84
510,77,103
420,89,197
230,57,24
317,71,119
535,36,38
356,39,178
551,55,28
224,89,130
176,84,55
371,65,79
515,69,96
619,67,121
884,85,145
419,36,190
722,26,110
385,39,185
570,79,66
439,21,21
548,26,37
139,37,138
647,69,24
538,63,92
869,50,76
352,69,193
442,51,155
714,89,189
715,36,70
471,61,170
187,85,30
761,32,128
250,69,38
623,70,26
496,46,20
370,31,50
849,70,186
760,79,116
317,57,192
575,78,105
219,80,111
249,83,177
641,32,76
625,70,168
228,69,104
258,87,52
188,49,22
815,34,136
588,58,174
182,30,29
423,87,44
541,42,87
606,36,143
157,61,169
814,82,50
524,59,23
207,70,178
508,49,35
677,65,189
380,58,92
620,20,49
681,39,116
776,26,81
503,77,25
624,33,132
801,70,123
869,62,63
353,43,63
660,61,80
125,27,179
700,57,48
327,57,102
595,30,89
855,77,130
653,62,154
340,55,153
846,64,46
640,29,45
187,42,67
297,63,38
302,24,82
245,33,192
832,63,117
796,61,52
619,79,40
794,66,100
545,24,48
349,68,112
559,73,161
569,20,79
336,82,59
806,59,162
429,89,174
589,69,146
638,43,35
892,70,90
584,46,76
353,50,180
334,82,46
508,81,100
472,53,89
345,74,49
813,33,154
483,56,142
350,85,122
520,60,166
581,30,47
257,67,37
579,44,46
715,64,183
898,36,181
836,69,86
168,84,22
840,72,142
390,60,56
416,35,51
186,27,42
396,85,127
815,40,143
547,83,182
311,67,97
875,78,69
179,58,71
726,68,51
111,82,77
185,80,93
225,51,85
661,62,146
491,23,174
306,56,174
133,81,189
149,45,157
735,43,22
610,68,118
107,73,147
523,67,79
542,72,98
533,79,186
821,39,122
281,68,147
721,82,95
452,26,26
838,25,49
492,40,126
424,55,22
161,83,109
761,83,42
547,88,124
581,29,73
347,75,153
629,72,116
317,47,120
184,51,42
477,50,87
412,77,114
247,57,115
105,23,167
653,51,159
587,90,75
128,40,47
130,69,143
353,33,122
231,43,94
816,22,149
581,21,198
438,46,83
282,45,34
424,24,39
704,56,21
797,52,32
574,55,139
408,45,99
194,78,119
224,34,196
365,38,84
160,62,121
203,79,28
615,37,120
551,45,182
829,73,158
862,46,170
286,42,55
299,90,21
745,55,152
715,39,176
620,27,160
481,29,149
410,33,164
611,87,125
254,30,176
654,55,71
162,58,102
771,58,23
225,20,162
124,60,53
350,72,67
148,75,126
286,66,158
332,49,103
783,25,133
125,25,72
154,80,149
298,36,125
817,80,132
229,25,69
546,34,36
348,81,41
854,32,175
522,73,92
449,45,111
651,65,48
702,55,108
132,37,146
364,24,86
512,55,42
152,58,125
776,61,170
357,52,58
804,74,165
665,71,169
395,55,79
123,51,61
883,75,99
331,30,72
774,67,186
147,47,183
121,83,200
833,70,180
228,73,32
194,55,119
271,60,196
823,77,28
620,70,106
448,24,121
723,29,184
405,70,123
226,57,108
130,50,131
588,26,51
718,46,135
339,64,69
652,49,102
176,71,136
483,29,121
829,55,169
498,82,31
558,72,193
374,78,155
469,31,30
337,83,121
350,49,173
689,72,124
696,41,34
141,25,138
100,59,156
385,57,173
812,27,130
565,42,70
806,90,144
285,61,36
723,67,79
622,58,140
786,26,170
892,77,28
837,87,98
306,70,37
406,46,42
842,47,195
851,47,103
358,61,149
723,30,131
411,20,163
349,64,49
534,43,50
688,63,129
608,77,131
763,27,155
664,68,159
367,72,22
339,51,75
408,63,128
103,36,89
686,80,162
843,65,163
592,49,29
707,62,69
473,73,33
116,53,118
363,25,63
142,85,93
244,79,145
898,66,185
398,60,152
552,42,165
761,36,113
173,48,163
370,31,40
388,32,106
803,49,182
686,55,116
241,22,110
635,67,173
440,65,131
254,65,95
371,90,76
883,22,118
537,30,183
160,32,155
676,63,41
740,60,124
124,31,48
813,38,157
797,42,174
598,89,170
151,37,110
309,88,68
665,29,122
689,33,23
497,31,115
258,53,180
364,52,48
491,84,117
694,90,190
693,58,39
619,71,103
699,84,151
663,81,107
465,22,186
421,71,48
162,36,83
636,77,81
440,59,31
559,76,76
821,78,143
505,74,144
882,64,104
384,20,139
499,70,77
626,63,155
829,84,92
135,41,24
896,37,37
541,67,32
458,75,21
414,89,53
730,84,157
489,77,105
703,87,42
398,36,40
510,71,133
284,85,115
784,38,169
701,44,46
222,57,53
506,24,161
624,56,193
779,36,176
362,47,137
336,32,127
788,60,189
233,37,127
787,41,95
666,77,85
687,21,112
745,53,72
658,52,182
776,56,123
691,40,132
255,73,131
613,28,110
631,65,113
257,56,83
159,57,173
649,39,167
401,37,81
349,47,128
540,69,46
575,81,73
343,36,133
191,73,42
221,55,58
606,30,181
506,32,160
222,36,122
114,75,156
559,57,153
390,83,102
119,32,63
535,29,59
150,49,27
489,63,144
148,23,160
750,25,35
429,69,75
501,32,90
223,41,125
326,62,197
521,43,34
753,56,144
156,80,33
676,50,38
367,33,92
121,58,65
346,68,83
149,40,86
875,41,108
856,52,78
398,56,167
683,49,95
345,76,104
210,58,136
828,70,59
143,48,77
525,47,190
414,38,183
204,55,145
814,41,30
362,20,157
402,23,197
291,51,40
134,49,191
233,46,121
892,62,75
130,70,182
650,67,98
388,56,166
298,24,126
769,26,171
713,41,183
380,83,86
110,37,130
653,80,116
589,70,35
366,57,96
389,42,145
805,42,50
491,31,108
401,70,56
536,68,196
241,22,83
731,72,178
875,32,137
579,71,158
832,61,31
448,83,53
697,66,151
342,52,129
512,88,95
611,56,158
134,67,89
386,33,76
784,51,55
687,23,21
733,56,84
169,43,161
136,47,82
680,66,29
890,29,88
447,85,24
150,20,168
363,33,194
687,87,191
688,62,166
177,76,117
685,88,93
705,52,59
101,74,127
644,48,93
674,58,81
447,78,135
334,43,66
271,76,178
883,24,20
222,72,70
675,39,39
888,32,136
265,60,55
298,60,46
610,59,27
224,34,54
897,90,50
755,83,24
189,71,86
800,33,133
586,40,180
500,20,83
234,31,134
291,46,117
466,33,82
376,60,112
732,49,75
437,49,79
680,71,186
449,32,172
679,76,44
755,58,126
278,30,103
664,70,158
365,63,81
528,69,171
390,55,69
754,24,127
202,23,41
250,81,135
851,42,56
243,42,118
511,83,149
415,80,157
446,20,91
302,70,185
889,53,109
847,56,171
544,88,113
630,48,30
838,86,60
284,33,117
236,26,170
736,75,113
568,89,67
184,56,62
572,64,120
408,45,92
897,56,72
873,46,33
568,77,173
236,32,82
319,39,81
414,62,178
260,59,117
612,84,61
400,88,35
737,40,36
896,47,97
832,76,171
146,37,103
111,40,183
714,52,146
725,82,40
348,34,196
331,84,75
864,30,165
115,32,136
870,56,195
752,86,20
642,77,137
883,52,172
640,28,33
517,20,60
870,77,51
497,58,90
494,90,72
630,40,80
474,86,153
751,21,186
665,32,165
369,54,177
601,21,121
121,21,162
516,61,178
451,53,82
188,75,70
620,41,27
647,51,58
615,47,41
838,80,52
101,33,121
468,24,99
203,62,180
295,70,185
164,50,65
458,71,60
185,89,167
164,84,150
461,31,177
433,41,66
429,54,188
217,58,170
339,43,53
395,66,133
441,44,63
351,78,134
170,80,192
482,80,196
877,37,134
588,90,182
568,80,130
554,24,171
544,35,124
572,26,100
798,90,57
449,60,78
357,36,53
715,26,38
428,50,195
298,24,81
586,43,193
666,61,188
649,51,27
889,41,181
130,86,181
158,80,29
279,66,23
339,46,184
674,42,79
867,81,54
547,61,137
120,27,35
750,36,142
190,85,172
218,65,110
832,88,109
338,52,83
862,46,177
794,48,29
617,49,61
312,33,142
864,76,179
394,33,144
120,75,113
267,88,38
479,63,52
644,33,185
109,54,48
220,37,133
480,87,59
390,82,173
145,41,34
675,77,54
765,55,150
471,32,101
448,87,89
550,40,26
337,75,134
793,59,45
160,54,139
299,88,78
645,88,69
748,53,57
797,20,160
307,84,50
621,82,125
123,26,97
825,86,129
726,50,108
373,69,20
110,88,101
553,58,143
302,73,196
875,83,58
737,46,83
798,20,44
182,30,80
881,30,134
588,29,34
616,58,110
717,22,137
662,74,188
189,31,197
510,74,161
203,90,83
121,37,172
701,44,74
504,60,24
724,45,200
237,49,86
256,41,114
438,73,105
754,71,30
541,88,105
272,75,195
601,20,36
120,28,80
197,40,155
695,23,157
726,53,57
845,33,106
481,21,132
793,82,168
552,45,99
624,51,104
719,61,162
668,80,137
249,50,167
305,31,80
501,65,91
503,82,129
370,79,102
710,88,47
206,46,41
381,48,198
541,72,55
810,66,52
719,31,153
670,39,177
128,81,46
353,33,122
640,43,110
540,61,57
688,83,142
438,46,192
617,32,68
686,84,76
660,46,155
326,57,26
301,88,76
841,79,107
853,41,21
571,82,130
204,82,179
283,74,74
490,74,192
858,35,70
662,53,188
816,73,97
395,63,196
718,29,172
481,54,33
170,24,46
477,81,107
444,71,98
174,66,41
615,21,35
625,76,47
843,38,134
445,84,64
795,53,115
467,27,152
613,66,99
682,78,47
647,72,182
679,76,90
333,38,127
411,48,138
837,78,168
330,41,96
328,21,98
888,42,138
516,79,176
482,56,174
352,20,93
397,79,136
382,29,24
374,79,80
497,67,71
174,79,87
815,44,101
174,66,103
494,69,72
878,20,67
740,53,183
417,47,112
791,22,27
807,38,113
793,30,130
357,90,162
712,26,194
105,28,30
418,80,65
752,25,131
401,24,135
255,35,92
124,27,48
530,86,39
544,41,78
138,77,106
123,67,78
580,21,196
885,47,172
408,42,148
103,75,100
743,23,193
554,74,126
458,35,133
788,68,171
526,39,199
731,28,188
158,34,141
598,39,70
475,24,72
690,73,133
244,77,87
482,80,159
513,83,79
600,69,127
350,46,47
779,84,123
408,77,195
414,88,180
118,40,169
883,34,141
883,64,129
844,76,106
710,38,122
394,81,146
542,65,100
633,59,195
281,64,123
220,57,98
126,31,152
262,27,48
896,59,32
622,78,88
651,78,111
365,25,144
626,68,159
713,66,23
444,67,71
244,69,168
606,77,93
718,89,52
827,53,45
494,53,106
879,48,181
478,63,106
621,75,174
212,72,120
174,29,152
585,35,66
634,79,53
332,21,181
742,32,125
119,52,152
648,39,71
454,42,149
768,52,106
743,83,39
211,55,73
860,23,102
351,77,99
558,29,33
740,22,63
758,42,188
164,29,45
814,64,64
856,37,179
141,60,36
773,61,76
386,20,80
100,42,189
386,82,73
220,52,68
279,22,112
778,83,47
350,49,81
591,22,94
830,40,120
856,85,46
198,76,104
529,55,59
347,43,124
581,65,139
514,31,108
203,27,51
885,83,75
253,29,183
870,45,90
454,35,118
443,39,32
369,41,125
896,28,169
446,83,52
783,82,188
895,62,100
726,84,123
176,70,168
101,57,182
578,40,86
705,83,69
257,32,133
206,52,176
364,61,191
544,23,60
731,67,198
108,20,140
437,87,24
266,90,142
640,20,74
641,21,190
618,23,65
603,26,83
431,28,101
198,65,50
800,79,138
273,78,92
676,48,107
685,85,58
131,66,177
211,87,153
109,48,193
863,83,68
125,58,50
727,59,157
569,58,199
702,36,39
605,35,74
240,49,110
185,42,172
322,63,74
240,35,133
333,63,134
589,55,186
533,44,50
401,39,48
113,42,39
868,47,25
554,51,70
183,75,153
352,42,79
582,90,122
781,55,89
127,60,198
159,75,181
621,73,156
260,82,142
502,52,66
174,59,37
550,75,182
690,21,199
688,54,108
254,90,136
558,44,144
876,43,32
282,46,111
129,35,132
178,90,95
470,45,129
652,45,51
888,79,81
218,89,56
271,86,161
243,65,81
686,71,170
685,60,85
405,85,128
271,81,105
112,53,166
860,75,27
378,31,49
402,41,90
599,71,181
627,21,29
212,49,123
429,76,64
558,66,146
288,80,40
268,22,75
846,23,174
231,27,97
543,43,125
378,90,190
810,87,40
655,50,117
732,89,79
881,41,139
453,24,131
549,69,88
880,26,140
595,64,128
612,34,24
142,59,105
542,85,129
440,44,126
817,82,145
717,29,95
436,46,178
470,27,70
129,90,37
212,66,102
770,32,79
110,33,165
468,41,50
679,65,40
187,32,99
890,50,149
770,30,161
753,61,152
451,39,193
312,30,146
743,22,137
276,75,96
789,67,180
191,34,34
499,84,142
342,48,194
467,20,92
228,41,58
510,74,132
366,77,165
144,38,110
164,81,87
733,54,185
887,63,165
655,28,149
181,50,188
249,52,29
252,31,112
649,24,82
409,41,30
437,81,154
314,56,53
477,68,66
824,62,37
365,89,163
615,26,184
766,62,33
403,31,127
458,71,90
107,54,44
224,79,172
621,37,59
895,69,165
158,54,86
881,75,56
810,65,134
407,69,180
279,27,93
273,35,98
548,49,36
342,39,22
295,41,151
536,83,77
273,78,116
586,38,131
511,78,183
523,74,138
184,89,120
804,52,158
234,72,42
811,28,130
316,24,181
585,87,45
889,34,118
610,47,152
552,40,165
780,53,184
162,84,32
661,41,180
682,83,134
488,82,133
436,29,60
733,42,79
484,31,134
802,28,167
818,79,80
395,69,178
773,40,37
347,24,94
132,87,166
353,58,24
360,27,124
711,33,150
507,41,136
714,30,48
123,64,157
156,57,160
161,27,64
525,54,51
671,90,172
517,76,142
898,58,164
220,74,69
669,54,98
399,39,35
606,45,164
406,69,145
372,69,146
467,59,114
509,27,26
200,75,142
660,28,74
548,57,186
519,53,53
503,36,144
473,64,142
351,42,97
595,47,158
831,89,39
656,36,162
255,28,165
357,21,76
272,25,137
152,43,43
576,75,128
351,55,46
137,79,34
729,37,154
349,32,20
749,77,44
582,63,61
834,33,56
863,43,154
762,74,55
286,74,23
255,65,197
302,90,155
689,73,195
756,51,170
737,47,184
415,40,178
403,87,133
531,76,79
297,54,159
650,51,123
131,22,78
754,74,99
509,66,131
259,84,51
567,59,134
326,49,41
653,54,37
355,41,165
183,49,26
391,74,160
688,84,172
191,54,33
449,42,119
107,77,52
536,86,151
181,46,188
254,80,156
243,24,65
257,73,87
730,20,146
509,80,95
140,32,166
734,56,108
521,61,68
259,39,66
693,32,87
841,20,39
482,35,68
724,88,38
521,89,69
718,74,138
217,47,102
749,60,146
197,27,178
642,73,185
597,68,152
677,29,31
809,77,42
347,86,81
700,78,181
679,26,99
255,45,62
659,31,37
765,38,119
210,57,27
511,31,159
493,43,198
503,66,73
542,22,48
855,52,139
264,51,90
297,24,170
480,42,132
683,77,119
461,24,53
546,36,131
534,57,22
291,55,170
370,72,189
574,24,119
254,90,198
330,42,113
867,88,94
243,27,135
447,70,143
156,53,40
227,62,71
458,90,155
575,27,44
579,26,199
196,53,165
101,74,111
326,20,47
108,32,69
735,46,86
209,22,175
392,73,128
830,80,45
297,85,58
507,48,79
791,32,21
674,89,174
133,87,163
550,78,27
817,25,32
681,85,53
213,71,113
772,67,96
834,73,112
714,30,103
660,22,133
382,25,39
296,49,102
707,67,144
655,58,180
560,80,63
257,24,147
582,23,20
684,57,45
889,78,57
685,38,93
806,69,41
557,70,64
201,27,131
629,56,159
645,39,181
195,53,33
765,82,57
555,42,161
800,67,142
871,76,61
525,63,115
287,73,85
501,35,149
371,45,29
162,66,158
451,59,46
396,76,84
445,85,125
514,58,197
235,84,30
498,45,178
825,81,103
326,45,37
193,47,139
110,77,54
841,45,104
713,77,198
850,48,99
544,69,56
466,23,20
772,65,165
247,66,117
325,51,46
791,51,129
708,52,111
507,30,62
550,52,110
166,36,97
278,57,91
318,20,46
425,41,55
335,53,118
413,82,156
296,67,82
859,65,30
517,54,78
247,25,189
344,71,65
544,33,57
413,33,188
176,35,94
391,59,187
270,79,43
808,47,167
789,29,22
848,82,55
116,68,160
304,26,39
552,42,60
212,56,43
677,62,56
392,34,140
427,85,136
688,75,158
716,66,75
357,42,61
787,44,41
773,70,111
213,85,149
171,34,56
276,81,150
508,41,90
886,41,33
508,26,29
649,68,180
617,27,30
830,52,109
717,56,113
271,48,144
180,35,199
796,58,140
521,28,193
773,30,113
321,51,83
895,29,177
772,49,128
797,34,147
653,75,99
614,76,96
115,60,65
678,75,25
696,58,190
608,75,133
834,70,139
692,55,87
203,79,120
755,43,92
135,40,50
400,67,101
185,71,21
324,30,51
412,90,32
216,31,86
303,62,175
475,89,102
579,30,141
105,43,133
608,70,25
294,49,85
622,36,86
435,89,94
357,71,32
379,26,97
797,37,165
313,74,129
510,90,61
135,70,153
536,84,40
304,39,83
845,67,154
679,27,160
424,29,199
247,66,168
103,90,32
682,51,20
428,57,81
168,59,198
845,81,61
335,73,172
661,29,153
140,22,70
220,58,91
205,27,24
529,66,100
884,22,112
825,60,91
451,23,93
419,73,98
485,82,188
795,76,179
304,25,20
318,63,186
830,78,194
879,45,177
656,45,107
343,27,140
510,52,81
414,49,79
334,52,95
526,24,30
726,42,199
608,72,86
900,89,145
242,68,200
603,84,160
789,55,92
622,35,187
893,49,168
691,54,77
191,46,117
483,62,66
631,27,192
559,24,32
236,56,23
229,20,57
308,68,168
327,53,41
444,52,156
576,64,61
251,52,113
404,53,143
369,43,36
425,32,75
793,60,114
656,60,25
436,38,151
314,80,159
612,84,142
671,78,132
382,24,87
633,80,96
726,77,93
523,35,69
541,39,164
693,25,34
296,21,48
787,31,128
749,79,87
877,47,41
228,44,106
346,47,90
520,50,26
361,70,20
503,73,192
666,63,119
508,41,164
521,62,139
421,84,96
754,64,25
882,76,54
137,56,138
822,73,98
582,47,50
297,54,68
325,47,48
389,23,135
225,28,172
149,70,193
423,76,46
456,66,173
853,85,51
558,86,164
273,78,125
585,26,127
489,24,176
404,57,111
676,43,157
558,80,199
834,46,144
367,81,149
617,42,48
119,62,143
665,69,195
477,66,180
493,47,131
263,65,115
368,62,145
118,21,36
371,22,92
849,75,103
425,86,29
101,62,100
696,77,82
512,44,94
663,62,120
464,79,184
560,38,60
827,71,113
155,55,193
341,35,193
580,21,97
879,38,81
181,63,124
679,32,114
809,63,31
611,72,176
693,46,144
646,25,21
761,78,182
891,23,84
373,61,108
615,26,66
149,80,172
320,33,122
805,84,71
859,55,190
646,78,178
558,77,70
395,41,199
618,28,185
852,63,59
612,80,133
689,59,79
174,33,24
317,86,191
676,76,48
231,72,164
104,23,44
849,30,76
710,77,170
798,87,57
609,48,98
399,47,84
433,67,33
301,75,38
598,66,23
726,47,39
874,56,106
804,64,132
696,71,54
240,40,94
641,28,102
431,89,120
255,88,189
521,38,29
296,72,79
212,87,197
282,36,66
781,27,55
250,71,28
451,39,55
608,72,37
241,75,181
842,74,142
405,81,154
735,66,138
648,51,60
231,72,78
178,87,40
591,63,49
729,22,144
731,52,178
534,33,181
601,30,113
816,37,90
488,40,199
203,39,27
157,58,151
506,58,111
900,46,71
201,56,154
824,86,180
398,26,152
490,82,167
703,54,172
526,38,26
272,20,39
433,25,31
466,49,21
853,49,173
115,30,152
670,55,29
782,69,170
318,40,189
644,86,84
826,63,60
248,65,152
105,60,145
594,71,45
533,76,200
200,27,33
366,61,29
626,78,60
366,79,49
210,64,91
443,63,140
589,71,39
205,80,197
387,54,23
222,65,105
563,38,40
431,25,195
615,36,171
632,45,73
873,36,36
689,52,27
294,41,46
863,57,148
531,46,124
604,63,87
563,35,187
247,87,96
425,72,26
853,64,166
864,24,192
538,60,196
658,44,123
789,69,124
814,78,172
745,48,55
304,53,103
408,28,165
662,35,115
599,45,130
300,36,190
735,73,24
736,79,119
282,28,178
189,66,71
173,41,115
257,20,60
748,25,92
155,54,101
213,89,152
846,77,163
279,27,28
320,56,38
187,37,191
251,79,178
471,61,50
173,27,29
742,43,54
697,72,88
176,36,99
562,75,156
454,75,141
792,76,110
800,30,107
259,83,200
772,60,146
181,85,42
712,42,141
285,20,80
837,70,56
449,21,142
717,69,93
704,66,193
198,44,83
303,26,195
489,30,181
274,79,61
893,44,136
430,78,29
801,41,138
369,28,23
419,20,148
238,51,25
313,43,104
826,87,145
364,75,167
462,23,96
221,81,118
660,68,61
484,44,151
779,47,88
588,50,143
790,60,23
681,69,59
541,56,115
305,39,98
156,48,30
302,84,122
818,54,51
455,49,78
772,58,188
402,50,27
286,64,187
361,21,62
483,41,43
223,76,122
842,28,195
873,84,135
424,32,47
443,60,188
692,28,129
728,22,130
721,84,103
451,90,138
585,20,50
899,77,135
452,71,121
329,51,31
646,30,143
107,45,45
148,42,29
617,52,108
604,74,76
428,30,184
114,82,29
368,44,113
596,69,94
459,46,123
405,82,42
213,56,150
849,88,78
616,34,99
759,59,199
881,63,64
104,48,22
224,84,102
348,52,88
816,60,94
847,27,158
444,51,195
557,75,20
472,27,174
248,70,98
423,55,89
333,53,192
210,78,120
557,89,151
728,84,124
659,57,166
395,80,132
508,60,186
334,88,167
569,56,185
818,55,149
678,60,21
690,28,141
336,73,112
345,36,173
840,39,93
883,64,147
476,65,82
576,76,151
769,72,131
708,64,132
375,38,146
220,26,20
844,87,116
140,40,168
446,88,40
873,61,65
184,28,181
807,21,64
715,50,163
357,59,63
182,24,31
456,67,184
844,60,64
575,40,20
102,73,88
275,55,200
595,90,99
189,76,161
449,47,184
899,87,73
182,79,47
732,38,197
503,80,30
896,43,133
770,30,54
587,42,54
211,54,188
736,74,21
412,60,69
733,85,176
554,56,116
205,68,36
493,86,138
543,63,164
506,82,48
353,62,29
509,72,190
894,56,48
218,43,141
484,39,70
340,20,157
255,25,80
600,89,137
473,90,129
141,52,54
191,66,70
723,26,28
249,29,136
836,89,141
712,59,77
317,66,183
576,43,154
411,60,104
622,38,28
189,59,113
104,67,161
582,83,130
179,76,52
676,55,22
671,54,120
759,35,141
133,53,62
808,44,144
222,39,62
795,80,26
877,41,167
175,52,83
839,75,94
291,27,199
482,23,35
534,67,186
215,42,176
564,22,146
548,53,77
722,67,108
544,78,134
239,24,73
652,60,89
144,49,95
359,77,59
289,37,166
863,54,156
667,39,48
547,83,55
156,32,192
281,64,171
212,82,56
494,30,105
707,55,70
602,63,187
172,34,130
618,76,193
121,68,41
657,90,83
875,45,186
485,35,182
851,90,160
164,58,89
141,63,99
166,30,166
133,75,196
804,67,121
889,47,160
756,84,31
180,27,100
687,88,145
129,69,35
505,66,143
321,32,51
131,85,159
114,58,111
147,40,44
477,73,183
553,61,38
287,62,141
597,37,192
298,52,111
128,78,95
299,79,189
330,82,142
625,40,177
467,63,82
395,70,56
281,24,176
414,20,83
423,72,156
245,66,179
269,68,144
205,23,30
473,38,157
244,59,167
240,84,145
308,89,102
182,73,146
426,47,53
206,55,103
296,39,187
114,68,96
165,31,175
291,32,148
200,67,95
256,66,81
477,86,64
519,35,147
599,56,96
748,41,122
112,21,117
480,90,51
222,76,185
248,29,153
625,68,43
311,84,168
203,72,177
697,56,45
357,32,117
511,30,70
732,69,137
866,46,163
110,34,127
299,21,28
109,27,108
698,57,132
521,87,182
210,64,187
701,50,198
661,71,23
380,84,141
794,74,51
858,70,37
713,31,186
368,40,181
245,40,124
697,86,123
819,35,62
880,84,154
412,73,42
403,55,34
337,69,62
639,22,119
630,57,45
276,27,71
838,51,100
690,20,169
609,85,115
161,89,149
184,23,103
147,29,137
745,78,153
605,32,153
681,85,184
716,70,107
467,41,151
688,84,178
355,65,32
683,67,43
374,42,55
237,30,143
463,55,104
614,59,199
433,32,193
170,71,87
294,26,56
491,28,141
193,77,184
312,21,55
294,67,26
206,43,157
877,88,79
707,26,178
382,21,87
182,36,74
815,66,184
110,51,164
595,31,68
814,71,98
130,33,148
454,83,86
591,44,128
326,28,146
159,56,51
250,68,91
442,51,104
850,68,150
469,33,73
174,25,169
276,40,187
828,32,178
243,37,193
516,27,144
328,75,184
797,32,51
770,51,99
675,76,162
599,29,77
572,84,55
556,67,52
617,48,55
757,61,100
284,26,26
683,84,61
703,44,141
463,60,160
233,64,168
501,21,161
791,68,141
257,68,129
601,38,132
751,37,192
317,66,61
756,79,139
484,54,48
704,67,84
282,66,26
444,76,180
682,71,84
777,26,186
536,33,67
176,76,122
437,53,131
770,90,56
448,66,90
592,59,160
514,82,57
267,60,197
424,70,128
836,51,157
370,67,79
776,82,24
681,81,103
880,49,71
130,25,163
352,89,194
893,67,50
218,69,31
674,75,87
577,52,86
467,46,123
360,74,59
363,22,43
157,86,87
720,82,55
286,38,154
294,44,155
814,75,68
110,68,120
377,56,116
843,43,116
887,60,69
511,35,80
398,31,127
720,46,39
628,61,137
150,52,75
321,66,94
845,90,76
840,78,109
102,62,40
187,42,171
151,57,124
686,39,148
642,86,127
196,27,85
805,88,62
885,27,193
535,23,162
649,24,74
316,49,71
629,71,41
792,27,161
269,29,168
489,28,133
422,31,55
414,87,34
709,39,186
102,89,153
676,60,101
741,51,72
788,29,38
321,70,75
554,72,41
134,55,34
249,28,137
838,54,166
855,30,92
390,59,83
516,41,143
379,72,116
216,72,76
448,87,59
704,50,140
551,28,121
824,79,135
729,86,166
129,87,185
499,38,174
614,80,196
874,85,35
755,45,158
442,78,122
888,78,169
195,33,168
473,49,122
589,69,110
234,58,134
289,74,44
281,48,33
492,68,189
868,72,63
461,48,196
113,56,200
664,48,58
582,83,159
770,38,53
622,85,141
678,55,85
270,28,115
554,58,63
606,40,51
115,64,122
814,86,110
222,40,174
314,69,156
737,53,175
135,57,146
688,35,39
716,58,125
586,88,182
215,23,195
540,23,156
857,26,164
231,32,29
683,36,164
845,53,164
408,41,176
443,57,32
252,40,93
805,44,49
609,29,83
282,20,97
714,39,81
104,70,98
838,67,140
877,90,62
830,90,67
367,69,117
392,61,138
688,38,179
766,66,137
378,59,168
792,74,200
373,89,167
260,49,128
286,40,86
496,31,198
231,87,91
757,24,23
135,33,30
396,82,41
442,40,105
454,40,114
437,29,42
338,23,61
628,29,81
846,25,130
123,61,171
649,75,193
367,42,138
723,25,79
544,25,84
652,59,55
213,68,140
316,74,75
234,47,68
762,30,30
356,54,147
790,23,184
113,25,180
553,35,184
590,47,165
698,65,99
807,39,73
686,60,91
555,26,185
851,86,87
469,64,198
847,71,30
286,76,55
811,75,197
549,45,47
213,48,51
786,33,174
777,24,178
522,80,138
328,49,148
356,46,93
630,67,74
152,88,196
152,81,152
367,52,116
610,68,188
475,44,57
667,72,26
896,50,135
118,31,179
302,38,40
199,57,159
149,31,71
706,77,175
818,64,62
468,47,165
520,63,83
330,61,73
189,39,122
497,75,94
760,77,76
282,73,66
751,62,116
410,74,20
890,51,72
173,34,86
410,65,142
876,80,124
414,35,21
624,38,193
696,44,29
324,33,194
115,42,187
303,79,165
461,31,49
173,35,171
648,34,171
371,51,45
596,70,172
872,68,190
427,58,43
396,60,180
499,85,173
581,85,30
424,27,191
747,41,43
101,24,158
479,58,106
490,85,139
770,88,99
251,69,37
877,64,42
174,50,149
686,88,138
802,50,81
209,78,147
733,82,97
270,40,200
369,20,71
335,78,160
604,66,119
385,30,87
503,21,198
691,69,35
814,50,38
794,74,110
238,78,194
555,33,119
729,48,156
665,53,184
126,66,27
118,82,184
815,61,28
883,25,127
508,72,69
287,57,81
540,65,127
452,66,33
661,58,180
497,27,53
321,33,32
192,24,21
543,64,94
161,55,188
725,71,52
505,51,188
336,47,51
199,90,174
783,58,182
201,33,95
552,84,38
371,75,120
593,67,112
380,21,122
592,62,178
201,50,120
736,21,186
145,40,159
203,56,139
508,50,106
520,52,111
352,70,134
109,70,171
863,44,38
689,40,146
231,46,49
877,41,141
469,60,199
538,59,195
524,32,75
465,29,137
414,25,33
757,33,96
273,81,41
763,37,127
630,47,140
349,54,43
669,49,132
551,33,63
235,70,50
872,77,37
144,64,129
767,37,69
220,46,178
768,32,187
752,79,60
751,59,178
210,25,85
413,65,75
493,38,147
333,30,111
680,33,60
562,49,100
581,24,169
614,46,192
528,61,104
126,58,143
630,30,94
652,22,102
262,30,131
146,38,24
740,45,87
203,29,52
763,70,182
458,72,82
566,80,89
503,48,188
865,87,78
642,31,129
136,77,47
755,23,41
623,28,112
434,29,132
732,63,83
319,30,153
362,53,170
765,33,101
604,40,112
388,38,49
318,40,92
538,72,160
150,51,147
749,42,165
432,59,96
728,38,174
844,40,191
386,35,193
423,76,152
590,67,166
278,58,47
549,65,76
639,47,190
654,68,141
210,75,130
820,42,80
361,26,69
772,67,58
377,66,86
216,72,178
754,77,123
494,59,62
463,59,27
277,29,92
827,44,167
192,43,68
820,61,83
370,69,148
540,63,36
686,75,48
385,29,39
656,51,145
227,80,93
670,48,31
405,89,60
546,42,49
115,54,177
164,27,168
156,24,20
188,89,124
632,86,94
595,50,25
262,54,23
401,21,48
640,83,25
557,69,75
747,59,57
721,73,119
333,53,174
238,59,74
564,64,175
526,46,187
373,62,114
885,40,94
269,84,111
367,63,170
244,53,53
854,79,198
592,22,102
467,81,51
369,60,78
377,88,25
268,41,47
545,44,79
648,51,96
334,25,38
389,63,184
414,48,175
536,74,103
317,30,181
369,45,32
791,30,117
283,25,54
466,79,129
196,67,70
538,87,161
322,85,118
649,84,122
527,56,168
890,63,69
813,35,151
681,84,47
830,55,85
261,49,99
867,88,138
588,30,125
881,31,42
379,84,60
272,50,199
425,65,186
762,34,71
598,34,92
127,61,84
108,80,181
727,36,141
677,37,103
898,36,199
606,74,126
612,52,73
868,23,93
254,45,183
574,26,179
310,54,89
100,37,89
153,68,20
783,77,165
887,40,50
868,30,107
813,54,138
248,55,144
623,71,42
101,65,134
253,24,42
370,69,131
124,62,200
288,71,91
454,62,131
287,39,51
334,83,187
847,90,135
520,28,62
199,76,108
721,37,168
499,76,85
713,86,178
752,62,138
809,86,59
555,74,178
803,30,141
512,79,126
427,73,157
858,51,78
605,44,55
301,73,156
262,50,74
643,39,81
328,86,88
421,66,181
679,45,122
503,78,168
572,60,102
489,67,60
766,57,44
651,65,87
370,75,83
508,69,98
271,54,139
557,51,41
195,27,140
775,48,135
832,38,193
225,82,156
803,63,195
402,89,159
331,39,74
515,66,73
641,64,196
654,60,33
603,22,149
636,85,103
504,59,194
773,61,100
879,59,111
600,52,85
837,29,177
788,61,148
745,86,40
569,57,161
217,77,32
350,28,25
192,73,72
350,73,46
738,41,194
773,32,174
472,35,115
644,32,109
660,44,152
859,62,122
889,60,30
754,43,119
522,22,125
580,82,45
684,72,151
881,74,148
208,60,102
533,21,62
670,44,182
318,90,103
630,90,112
199,31,55
385,62,36
732,77,133
498,38,110
840,81,96
448,45,63
580,32,199
749,62,53
609,30,145
495,20,121
354,32,75
683,53,56
201,36,146
451,23,55
628,67,33
550,47,76
211,79,192
512,40,171
892,66,34
303,24,181
248,50,87
599,44,168
568,58,67
110,54,171
359,40,139
687,44,196
662,67,55
381,81,126
465,42,169
579,61,109
412,89,119
267,83,46
629,83,141
767,22,137
606,66,80
814,86,73
653,69,64
243,64,117
164,51,40
539,86,175
637,63,52
404,41,196
788,65,163
154,22,30
475,30,198
221,40,187
103,73,139
774,82,95
342,66,78
336,82,124
493,51,169
593,40,115
803,89,136
312,38,133
741,28,37
747,56,50
445,83,117
266,37,27
848,28,46
157,32,197
195,40,183
713,50,23
822,87,148
824,86,130
132,55,162
127,68,104
653,34,149
720,80,166
734,75,61
133,87,74
553,33,45
528,46,177
184,73,197
300,51,23
571,62,186
738,89,72
502,65,117
535,22,25
885,38,111
175,61,91
315,66,52
464,83,151
101,63,71
343,84,126
399,74,138
413,70,195
741,77,86
387,72,129
508,68,116
446,33,70
757,47,143
524,22,21
115,41,180
868,33,31
808,30,163
333,30,54
832,29,169
861,65,141
587,68,119
743,43,169
484,86,76
313,54,157
696,22,56
591,48,33
900,65,191
543,74,125
365,83,66
712,73,162
624,84,136
108,63,24
301,87,45
707,74,145
509,38,59
277,87,126
417,37,55
243,77,163
836,20,140
242,72,62
350,45,159
190,67,113
214,70,81
120,32,161
614,31,23
813,77,126
573,87,64
482,82,127
604,87,164
587,46,123
532,68,46
146,28,183
133,70,169
762,25,184
580,41,90
589,37,128
477,64,183
533,55,112
746,65,182
176,30,87
197,34,136
799,43,43
204,27,75
820,57,38
531,29,148
645,35,46
587,25,48
202,25,112
871,47,177
709,25,35
442,62,53
311,83,123
707,40,92
432,64,124
203,37,60
747,31,71
762,58,121
848,31,132
265,49,191
468,34,171
711,76,26
197,31,170
711,60,170
246,60,115
797,90,55
394,46,64
494,89,141
191,69,148
743,75,107
165,60,58
463,88,90
377,24,172
578,28,173
337,20,50
305,21,89
798,36,88
283,69,197
692,63,130
242,35,111
218,27,127
212,67,170
505,81,167
564,26,94
143,45,62
496,30,50
307,81,49
424,40,153
232,64,140
305,69,134
419,71,157
189,59,99
711,57,94
581,87,115
499,40,123
763,39,149
644,48,91
439,42,162
642,20,197
315,59,180
659,86,66
876,40,193
857,47,136
103,46,45
692,24,80
409,49,52
200,75,52
234,32,48
128,41,186
229,37,55
483,89,107
828,62,150
307,84,193
637,90,89
438,89,168
636,89,158
828,52,120
769,23,112
693,32,194
553,71,141
888,31,145
878,21,74
643,76,57
101,84,85
540,54,91
470,78,67
868,61,196
813,70,72
843,33,99
179,42,26
106,31,120
687,67,117
682,28,105
822,57,154
785,39,91
224,24,176
193,22,174
751,53,90
519,47,179
585,67,165
624,75,97
682,62,90
900,75,105
790,37,193
140,21,54
637,82,42
573,74,37
541,48,120
642,42,163
268,38,185
205,41,157
403,90,89
582,31,56
866,49,124
793,87,93
790,25,160
787,89,112
845,41,116
205,26,190
217,22,98
601,59,122
451,68,25
683,74,126
476,89,51
681,25,99
826,29,131
201,43,53
787,37,31
754,67,135
147,48,137
500,55,108
756,40,34
424,35,20
701,88,41
210,88,49
462,23,144
484,30,74
266,52,31
404,43,64
732,53,187
406,31,20
640,50,82
318,68,33
767,53,135
684,28,106
763,29,141
123,40,88
171,67,26
772,51,97
422,59,151
885,86,167
126,28,69
351,49,26
771,46,77
206,62,113
824,22,160
187,28,55
507,51,24
129,72,57
349,34,20
488,33,38
122,79,88
670,38,61
309,70,114
729,83,127
777,55,184
131,89,56
743,47,25
125,76,107
550,24,171
471,34,66
637,68,120
141,57,197
790,68,90
283,50,117
711,85,178
588,79,24
357,30,161
899,86,50
862,48,170
644,25,79
520,44,106
137,24,179
237,49,131
848,63,136
541,49,109
100,60,117
463,76,118
319,62,89
520,45,159
114,46,75
115,70,167
279,83,29
416,30,200
853,79,45
612,78,177
223,22,36
256,22,43
502,69,197
381,88,58
413,54,49
802,30,103
374,31,182
267,39,44
441,63,20
800,55,134
834,21,134
204,51,165
489,87,186
363,76,123
290,33,60
155,86,117
263,49,88
799,29,51
400,71,63
287,53,45
879,87,75
464,63,48
813,35,107
561,32,199
710,20,28
762,66,156
726,56,170
785,43,130
832,80,169
540,65,181
672,47,76
364,63,101
332,72,48
153,86,42
584,84,69
820,57,120
205,64,47
328,65,128
452,51,150
835,35,119
673,67,140
576,25,72
409,83,189
227,31,79
513,86,90
751,89,166
307,89,164
675,54,117
773,58,48
711,81,136
302,47,137
673,52,59
640,65,113
701,31,81
894,56,53
504,83,55
711,73,172
320,30,111
116,43,121
153,67,128
791,55,41
175,52,111
424,51,188
822,76,57
435,87,130
119,20,57
339,56,22
650,55,173
362,43,107
314,74,185
394,88,171
810,51,139
763,52,71
112,73,48
117,72,95
347,48,49
121,61,115
716,66,170
755,34,92
300,72,89
493,59,129
875,75,128
561,70,177
261,80,125
582,45,133
372,45,147
597,79,130
205,78,180
824,63,170
614,40,132
126,35,156
867,38,140
288,37,83
482,71,166
451,49,79
321,55,142
776,90,46
108,44,79
123,76,192
154,81,112
735,64,149
435,62,33
203,40,70
890,70,81
194,33,191
744,85,50
656,51,192
629,45,38
594,57,33
584,56,89
823,65,72
807,69,121
777,53,49
266,79,169
267,65,164
252,72,159
298,42,110
883,87,89
352,79,58
614,59,174
713,70,153
198,88,27
853,78,60
626,30,105
452,82,179
442,58,55
534,75,97
485,50,164
693,57,117
198,45,150
794,83,41
241,21,195
640,75,113
421,66,93
757,89,27
210,41,155
148,74,168
372,62,104
728,55,81
579,68,118
602,43,20
309,26,47
474,21,164
848,80,84
890,60,37
745,21,169
640,51,111
111,20,119
434,55,196
642,55,188
411,54,170
586,34,81
147,70,162
123,62,125
717,69,111
524,49,110
158,26,179
277,32,28
108,82,77
321,68,134
491,24,40
210,67,128
676,56,100
770,80,180
568,89,118
811,47,92
554,39,118
270,33,23
871,79,139
377,79,131
487,37,33
170,60,154
735,25,195
121,65,117
558,45,73
590,89,92
216,27,115
153,50,176
508,82,185
111,78,33
209,84,26
150,89,74
116,63,113
268,88,123
531,83,180
590,33,51
344,87,30
370,44,172
454,46,193
650,33,145
209,62,44
134,49,89
111,89,79
174,50,104
437,47,189
102,75,115
793,64,20
311,53,31
407,80,81
136,68,96
863,49,106
123,59,113
852,42,62
637,59,178
608,59,159
428,46,197
900,80,131
412,23,28
369,40,102
227,55,50
841,34,104
558,54,97
300,79,33
156,40,168
663,87,166
129,39,35
784,89,161
284,85,28
176,25,71
699,69,187
790,74,67
404,70,26
581,20,128
407,39,104
869,63,163
276,34,51
221,30,43
693,38,85
886,46,49
440,47,161
263,34,135
578,41,47
393,79,105
613,64,122
496,26,79
720,36,151
849,53,35
840,81,46
854,82,71
309,88,168
733,42,144
660,22,64
175,58,140
821,41,118
175,68,111
356,50,22
843,29,91
827,58,180
694,81,141
141,89,52
800,48,79
745,31,22
752,62,92
134,54,95
498,23,146
171,87,25
291,29,36
759,67,73
593,20,143
880,25,103
499,77,128
276,89,198
772,68,44
859,59,170
900,65,64
226,73,123
673,66,65
411,71,89
307,85,33
749,34,199
302,87,146
101,69,97
330,80,49
775,68,53
233,57,80
872,54,159
773,73,193
584,56,45
766,24,151
803,69,196
763,69,107
860,57,167
628,45,167
107,50,87
526,56,27
337,88,127
557,68,45
134,71,77
725,71,154
294,65,108
148,73,175
468,82,170
844,21,183
732,53,172
281,77,153
601,60,42
675,39,172
557,45,61
509,74,196
792,49,30
351,61,115
465,31,94
178,40,191
760,77,69
475,51,26
661,71,193
557,64,97
576,81,101
680,56,93
880,43,69
678,26,113
611,74,41
426,66,122
497,44,98
333,66,130
410,29,194
607,67,47
673,28,101
563,53,156
755,26,141
554,29,105
102,80,84
688,47,182
494,76,148
818,73,48
612,39,165
836,85,43
896,42,76
704,29,126
576,69,171
578,78,89
332,64,156
352,45,138
416,63,114
778,38,160
778,59,162
580,84,197
377,42,104
312,71,33
118,49,137
113,44,179
555,63,156
240,21,92
519,72,105
274,63,23
715,40,149
673,80,25
414,37,129
709,40,75
484,40,147
338,34,105
870,88,117
809,25,145
104,78,116
255,25,46
436,30,78
103,59,71
825,86,74
262,72,104
443,52,32
112,58,102
285,79,196
264,27,81
323,53,63
124,76,21
701,31,95
803,45,115
366,40,96
237,41,143
722,81,159
340,20,20
659,76,190
361,41,157
431,45,61
335,53,183
880,71,139
565,40,35
862,52,57
411,81,188
169,28,37
710,84,59
545,88,199
229,88,155
487,90,54
891,42,52
882,43,168
598,87,29
239,52,116
702,67,136
661,33,59
380,76,103
217,73,148
166,33,107
585,42,121
208,73,137
721,79,22
839,37,197
784,73,135
899,45,103
486,88,113
710,68,162
163,38,158
243,58,89
281,90,173
835,29,193
660,65,131
257,43,177
136,80,149
698,61,46
347,40,161
220,77,180
244,80,175
247,68,148
187,36,159
436,33,38
227,81,99
388,23,181
783,28,144
484,57,159
301,57,35
622,77,91
214,30,192
126,66,147
741,75,162
466,34,172
719,28,127
701,85,134
446,67,163
103,79,163
385,52,130
513,42,58
764,49,67
759,59,125
843,40,179
641,64,71
292,38,153
428,28,127
245,58,76
222,76,100
373,60,112
194,87,75
688,63,132
529,48,142
441,50,93
471,22,198
717,59,137
432,43,171
247,63,78
105,88,117
700,57,107
321,42,104
179,84,114
334,86,170
262,20,90
772,52,32
392,63,45
406,70,153
151,51,133
206,48,140
488,63,141
500,89,190
840,34,163
632,40,47
784,60,73
274,21,150
562,70,89
536,59,177
418,74,83
129,33,152
810,50,122
516,79,193
248,37,69
261,37,137
232,20,123
197,62,134
384,21,20
152,39,98
104,62,144
334,26,33
307,65,183
129,82,175
177,69,43
743,79,170
590,46,42
333,31,146
817,41,161
800,47,38
701,56,151
658,72,169
133,44,142
543,44,123
281,38,26
194,33,80
598,70,140
192,77,183
529,78,50
545,64,94
410,80,98
166,38,149
379,23,163
753,75,50
652,24,52
681,47,33
318,65,103
333,56,189
877,56,135
104,22,98
563,34,110
420,43,133
710,64,163
506,56,80
780,78,34
284,58,37
725,86,112
250,25,59
720,86,46
548,41,102
344,37,168
532,81,84
381,59,168
523,53,59
753,46,175
489,45,178
885,36,135
888,83,92
766,24,32
767,75,57
536,50,65
223,50,135
889,89,109
423,65,95
730,74,194
571,38,145
107,30,133
161,32,28
885,27,34
292,61,93
207,63,122
705,48,132
541,57,47
765,45,68
357,69,26
146,72,157
858,28,189
192,43,51
187,66,122
826,25,187
521,89,140
107,57,135
130,88,134
342,51,153
820,37,94
312,90,184
187,57,115
367,83,64
768,79,30
641,61,133
324,46,169
789,33,107
114,22,23
365,79,124
227,76,89
364,73,22
587,83,31
795,83,150
199,25,44
559,50,133
449,85,90
367,42,21
692,76,100
720,24,25
757,59,148
121,53,86
133,45,173
695,74,93
666,82,30
306,60,186
851,68,112
281,60,46
442,24,183
288,86,165
860,71,35
874,56,105
238,87,166
760,34,77
280,43,175
716,55,41
535,42,83
566,75,194
837,73,181
301,35,81
854,49,66
488,60,171
867,84,155
469,67,161
534,61,136
260,73,70
297,37,102
627,22,39
159,70,199
339,24,57
219,70,147
149,37,164
273,77,52
747,23,199
740,73,27
549,39,181
128,85,136
335,33,145
517,23,104
471,74,143
513,25,180
504,68,94
789,64,107
641,76,168
659,86,189
858,57,22
880,46,35
340,81,70
887,69,71
890,30,169
478,42,86
451,35,96
887,48,186
837,39,106
382,67,154
745,57,160
290,89,165
452,79,60
433,30,126
494,57,60
173,70,96
881,23,33
260,56,185
614,57,76
442,90,133
310,47,73
435,47,43
164,27,48
165,87,90
615,35,35
601,41,56
416,82,78
405,21,127
880,40,51
275,83,129
358,86,108
216,43,52
659,88,182
738,40,37
855,28,94
648,80,57
679,80,129
478,45,62
515,78,51
330,29,172
663,24,83
447,55,112
619,46,128
729,50,157
187,88,199
664,81,77
279,52,144
286,79,166
796,53,44
209,40,23
224,46,97
751,64,61
457,34,173
877,21,75
895,58,108
593,72,196
476,89,87
770,21,65
224,28,100
725,42,116
738,25,61
683,44,21
743,50,48
228,49,33
209,51,78
360,38,128
261,32,82
531,66,186
358,56,30
594,26,130
554,58,152
329,68,184
624,50,34
785,42,131
718,37,56
536,77,96
546,68,167
103,85,102
413,89,39
564,29,88
612,44,114
264,74,184
191,47,171
702,26,22
795,21,126
235,41,111
178,52,108
715,25,38
842,86,101
507,70,27
259,28,157
141,88,64
797,32,161
148,23,81
620,70,160
493,20,90
361,35,121
154,58,126
349,80,48
814,80,110
270,79,113
613,23,70
609,40,160
603,56,74
835,67,103
761,90,64
576,33,85
439,53,151
398,33,35
278,51,191
703,57,129
401,77,162
514,65,74
884,48,133
668,25,63
861,79,156
567,90,53
879,73,111
826,31,93
741,50,39
706,52,37
745,88,77
552,68,63
427,37,177
383,56,79
835,46,134
373,55,113
145,69,82
727,34,135
390,42,165
824,83,158
403,24,180
312,81,182
642,83,185
545,29,141
798,27,22
839,66,194
119,64,185
790,77,78
404,53,150
240,52,182
474,78,137
411,80,173
377,53,165
854,35,74
463,89,106
847,41,147
524,40,150
145,33,138
575,42,142
449,78,69
619,50,50
291,64,164
269,31,135
777,66,166
831,55,52
362,38,190
432,73,197
532,33,109
818,41,131
635,81,87
256,27,56
730,57,143
166,58,94
740,61,166
430,60,42
564,37,151
508,49,152
420,77,44
630,25,39
213,25,150
450,23,36
204,48,134
600,55,33
376,89,66
233,41,146
599,52,38
592,71,167
879,33,70
806,57,175
143,41,74
853,24,153
225,68,116
773,22,82
201,42,55
501,86,55
889,66,167
420,29,30
623,25,97
668,41,144
665,79,86
621,22,142
225,63,174
201,43,144
242,87,24
624,88,82
140,75,103
203,66,97
655,21,147
653,65,74
890,21,71
137,74,87
308,71,171
696,30,108
143,48,36
735,28,193
221,85,142
680,79,62
530,64,104
609,73,168
104,32,129
742,34,114
320,44,30
813,29,50
739,34,183
685,79,199
897,90,108
558,54,61
575,45,100
354,46,178
689,53,38
604,58,24
429,66,53
160,84,191
850,36,65
780,28,84
599,60,195
294,56,156
434,56,191
861,28,99
236,77,93
584,82,42
265,21,96
218,68,100
682,58,121
801,51,102
366,78,144
585,68,197
153,89,188
588,48,193
216,20,59
359,57,41
675,75,145
842,86,164
630,55,195
350,49,163
197,37,40
202,70,76
242,24,162
574,60,140
240,27,37
435,42,53
810,73,195
311,41,42
347,23,112
507,32,107
869,23,180
665,81,123
671,29,97
812,76,180
828,62,100
489,68,127
608,37,126
420,25,138
449,83,135
635,33,83
600,45,110
669,42,52
160,61,43
575,20,117
767,68,168
446,80,116
390,85,99
713,29,76
691,64,180
648,52,192
640,67,116
474,64,76
552,47,142
134,78,20
146,35,200
418,61,137
413,40,169
112,66,61
691,34,135
234,71,22
439,66,149
398,88,79
500,77,170
817,36,169
401,35,38
177,79,43
308,20,108
124,59,191
701,32,69
432,43,26
723,85,24
519,68,82
747,90,171
834,34,191
191,76,115
219,32,104
561,49,35
692,63,67
692,89,111
345,86,110
505,54,163
130,31,145
500,78,181
200,65,156
296,52,62
800,58,185
577,72,104
823,70,144
283,56,54
868,87,131
408,20,85
530,49,113
477,63,32
372,67,184
522,63,67
479,73,29
472,62,141
671,27,22
532,83,200
299,78,173
354,73,107
890,76,27
241,85,179
175,75,146
515,63,79
109,63,137
573,81,152
260,33,59
564,34,108
576,87,101
892,24,81
602,64,29
270,26,194
894,35,22
846,65,150
678,84,152
492,49,123
517,56,196
398,72,135
397,86,183
131,21,124
205,83,146
582,40,157
257,69,77
140,26,20
842,46,180
163,20,98
659,75,57
768,54,42
715,28,147
274,46,28
630,70,58
673,41,114
337,69,104
528,75,26
826,20,70
266,87,179
339,49,79
655,83,49
717,24,116
547,86,136
846,69,49
499,68,55
687,73,200
800,79,156
472,70,196
280,36,52
554,77,121
302,49,195
426,82,111
273,37,196
548,22,151
900,38,96
824,21,73
632,32,157
719,89,27
474,83,147
526,45,146
492,79,166
790,69,112
395,81,200
807,69,190
132,89,92
188,42,114
732,35,198
876,22,133
294,82,157
834,41,86
288,28,37
759,23,54
487,89,169
196,55,153
854,70,83
640,27,42
458,55,105
436,81,173
157,89,175
370,32,122
631,43,25
345,60,36
319,35,83
464,70,177
322,48,111
332,43,47
323,70,25
144,62,159
130,26,114
405,38,144
513,51,79
792,62,66
394,42,75
572,55,130
478,35,23
789,21,153
768,54,123
331,52,59
480,59,179
311,69,102
619,57,96
282,38,176
900,33,22
889,79,34
149,70,101
366,88,70
708,41,141
542,30,84
145,29,180
379,53,158
325,33,96
225,42,173
190,35,104
853,28,160
606,35,135
879,46,165
311,30,33
228,46,189
429,46,47
395,54,184
392,67,55
526,43,102
504,75,183
604,53,176
768,22,22
476,26,114
218,65,65
635,76,91
475,83,157
767,47,83
136,41,157
587,53,68
756,79,167
601,71,160
540,87,86
754,78,82
343,79,56
532,85,89
339,87,61
163,47,77
735,78,105
109,30,135
273,67,177
169,63,199
150,43,122
744,31,141
220,55,119
632,34,182
500,80,75
564,41,58
151,28,81
127,83,81
840,63,65
884,31,85
490,35,166
277,65,119
454,44,75
581,23,172
514,25,57
784,88,154
776,44,100
897,35,75
330,89,47
748,52,66
452,39,163
238,62,161
231,78,53
133,83,189
618,65,97
662,21,167
381,48,35
837,76,108
373,80,193
165,21,167
423,49,113
469,68,200
285,44,126
657,66,48
450,60,81
782,72,104
589,53,51
730,21,187
431,37,182
339,55,98
413,47,69
249,59,199
135,83,162
897,34,101
566,85,48
425,66,78
564,72,124
758,57,58
319,53,125
416,52,145
160,39,116
530,46,155
744,25,133
791,68,118
403,49,24
521,68,35
870,31,94
841,43,88
366,55,64
888,63,21
594,88,66
894,49,145
220,55,64
674,65,129
617,71,55
413,38,58
290,63,124
105,79,119
763,52,103
713,65,169
254,22,92
161,61,82
415,38,66
485,24,125
276,77,143
861,58,112
157,64,85
701,63,39
113,41,72
476,78,90
553,41,71
729,81,135
461,72,173
637,21,188
854,73,175
560,88,137
788,57,133
746,58,166
873,84,185
808,39,124
333,62,95
366,90,114
542,61,110
820,50,82
132,21,59
447,55,135
274,70,78
560,59,180
334,49,115
200,41,190
741,37,30
166,65,39
755,81,136
360,46,22
430,87,185
288,57,136
465,81,116
658,84,90
665,42,58
776,31,185
377,88,186
650,48,77
361,67,149
640,84,79
754,69,21
510,57,108
235,42,110
870,36,176
308,29,46
562,27,199
543,22,185
145,29,121
577,55,36
502,83,42
275,37,169
686,90,170
870,55,21
773,59,96
584,59,194
252,20,81
141,35,127
209,58,179
796,65,90
823,20,195
722,72,77
110,75,184
503,79,182
695,22,116
422,22,149
427,69,111
605,84,69
700,51,148
296,36,102
157,27,129
586,84,68
383,70,57
596,43,143
540,38,186
443,44,113
157,55,122
568,53,79
596,88,125
153,47,156
404,70,90
508,64,179
374,51,130
431,83,31
553,36,148
661,73,92
602,20,178
404,68,34
567,60,155
307,45,118
403,43,147
299,57,89
469,39,182
192,46,86
660,53,53
832,64,83
578,21,107
609,20,98
578,45,96
784,73,174
736,68,143
869,86,48
549,78,107
701,31,59
792,28,87
785,77,57
492,39,90
475,26,195
384,87,93
670,57,75
119,49,140
715,72,174
815,56,71
118,20,79
526,60,188
255,25,59
696,84,125
854,39,63
393,50,36
848,25,198
739,66,53
416,63,21
640,68,164
892,90,197
496,20,20
551,36,95
578,24,183
850,40,162
112,54,97
848,40,138
249,20,142
529,67,86
105,72,136
369,83,94
273,55,101
887,83,45
341,65,132
726,47,122
371,59,22
485,54,150
165,76,28
639,68,157
727,30,134
122,26,71
111,33,73
555,63,26
615,72,114
736,70,167
100,79,96
126,42,137
436,35,112
149,24,34
612,81,84
398,32,136
540,74,120
315,49,195
648,60,125
621,48,190
450,29,195
690,84,41
686,20,46
207,53,146
857,53,79
486,44,163
394,72,146
382,62,76
482,20,32
472,29,172
116,84,22
739,81,47
415,70,160
668,56,137
675,75,143
398,86,94
286,90,131
147,81,104
435,57,196
403,32,140
897,69,119
889,70,192
836,60,122
474,32,50
500,55,104
304,85,113
282,63,169
628,35,35
392,65,128
593,79,77
775,36,116
407,86,43
784,81,187
188,79,107
626,67,180
442,25,132
418,41,45
434,69,81
807,89,199
239,32,150
134,64,58
502,46,137
899,55,42
667,42,24
135,75,131
401,20,70
271,50,178
670,80,56
724,35,168
575,44,61
570,69,98
426,39,154
748,43,74
726,32,116
524,90,107
672,86,159
508,75,88
717,83,64
297,83,57
398,21,42
551,72,94
670,87,192
801,24,78
475,57,21
688,69,86
118,31,170
407,21,79
549,84,50
355,24,167
489,31,181
359,46,58
351,52,169
492,74,98
532,72,58
676,36,34
237,86,51
392,40,50
246,55,200
736,81,80
252,67,78
647,87,25
761,86,182
565,85,28
479,48,112
582,27,127
388,63,171
253,83,66
765,86,38
639,54,144
260,60,182
867,44,182
856,30,24
123,20,176
395,54,141
649,42,22
283,56,26
541,23,173
551,81,57
573,54,143
705,69,125
436,78,184
331,65,36
355,54,93
820,78,110
441,71,41
717,31,150
203,68,144
181,74,153
208,26,62
517,25,48
231,66,31
802,22,43
807,70,171
765,72,180
874,76,85
568,33,62
221,87,58
540,64,71
401,35,59
483,48,41
696,43,78
564,34,105
395,47,62
135,69,160
204,28,185
451,76,134
799,67,23
261,71,117
149,88,135
641,58,89
421,83,61
632,30,90
587,31,63
706,33,178
274,60,146
790,70,136
561,35,114
366,23,35
208,54,148
250,58,177
738,27,128
629,34,167
259,33,64
149,70,149
117,75,128
846,41,158
281,54,34
813,51,188
603,90,44
791,80,44
721,23,135
204,29,142
784,62,136
468,69,35
736,24,168
293,81,89
592,69,38
722,39,142
641,85,88
715,34,113
723,25,119
795,34,164
557,87,70
633,61,46
767,59,105
269,31,165
367,59,150
253,36,32
420,61,48
591,36,197
314,35,63
671,66,185
627,40,90
406,60,43
725,40,148
470,50,32
857,26,98
237,46,61
613,49,178
572,63,171
186,89,81
737,35,126
163,67,156
255,59,39
374,21,121
582,42,24
525,46,76
629,21,76
228,44,40
176,76,93
835,33,32
606,33,21
221,84,33
473,41,71
396,31,68
311,88,144
630,42,69
276,80,158
322,85,101
689,62,164
884,87,90
458,55,195
261,73,161
689,87,23
148,47,176
409,84,66
424,54,44
163,66,96
702,53,95
149,90,106
596,70,75
190,81,169
169,88,86
370,28,97
856,68,30
114,55,124
542,82,126
580,51,129
840,65,89
553,30,29
225,48,152
765,42,120
866,58,174
203,21,139
880,60,97
433,46,153
209,40,70
139,67,176
311,64,160
245,90,185
462,42,131
189,86,158
440,76,29
316,82,57
676,38,200
715,67,121
827,61,71
340,36,135
693,80,29
157,31,165
404,65,160
303,82,179
807,52,63
168,27,43
612,79,115
587,69,105
640,26,63
713,58,146
609,42,145
588,41,161
581,83,163
201,36,175
785,23,117
806,61,99
494,39,39
821,57,88
595,70,21
718,28,168
780,42,72
629,87,122
851,42,190
872,55,65
805,67,159
581,68,148
279,42,158
819,23,95
878,41,89
141,51,73
544,89,59
472,63,174
440,83,161
377,73,27
724,40,25
681,82,39
818,58,52
635,60,27
386,37,120
677,35,73
256,56,166
537,33,114
735,54,97
646,41,181
780,47,107
517,27,197
327,29,153
536,86,122
723,29,156
597,75,171
455,32,73
786,30,34
262,26,140
506,63,82
163,90,196
899,75,165
235,81,71
134,81,33
530,87,62
654,24,191
201,47,20
535,84,176
554,28,92
531,81,104
805,57,79
514,67,191
297,89,80
406,53,187
242,83,86
140,73,60
776,41,51
387,68,141
391,89,94
101,86,114
292,34,54
747,41,51
451,64,120
872,76,180
452,27,193
734,65,83
751,45,87
417,40,106
891,29,43
893,27,83
573,54,129
532,43,47
271,56,34
665,80,185
212,76,36
544,72,47
719,57,185
571,29,39
335,69,118
101,31,140
489,59,82
259,42,169
121,23,182
385,27,153
396,78,74
452,23,59
655,63,126
336,72,166
340,88,122
130,27,53
571,38,187
656,88,194
854,38,164
504,69,92
883,85,78
294,29,115
729,78,32
737,47,121
856,70,182
878,69,114
564,36,140
480,75,84
239,27,36
131,53,137
140,80,47
675,31,158
525,59,97
488,75,101
169,49,66
616,54,161
567,42,195
733,80,180
769,48,180
853,33,105
152,68,165
374,60,23
822,81,142
859,36,34
425,39,63
202,68,104
537,44,164
182,67,129
708,59,77
234,57,196
606,62,26
867,41,85
109,79,193
494,84,48
567,46,97
333,53,68
320,68,141
447,66,146
705,53,33
552,36,84
612,53,162
613,41,188
232,35,48
167,32,130
354,28,141
810,74,83
520,88,121
859,55,132
308,42,174
554,25,52
796,63,145
872,41,133
891,26,177
766,40,90
270,39,182
171,79,112
384,81,182
778,24,125
282,46,114
877,73,142
468,49,190
196,70,56
695,51,99
408,49,24
750,72,120
798,80,116
274,37,128
418,77,31
193,32,170
244,82,150
630,79,54
587,33,147
658,43,91
229,75,130
712,46,178
888,84,53
515,21,47
788,74,143
186,52,176
242,57,166
564,60,83
147,44,112
797,47,114
278,66,140
405,61,172
644,66,52
415,82,103
634,71,65
406,47,139
802,88,55
400,37,140
120,52,159
845,27,181
641,88,49
892,53,190
133,61,154
116,58,199
801,50,198
376,30,80
585,64,62
768,42,167
680,58,178
586,71,133
268,41,102
159,49,147
886,48,57
326,51,83
367,56,99
835,39,37
810,87,140
209,61,81
144,56,81
723,61,135
800,75,128
631,40,111
408,50,113
260,56,171
871,59,22
703,28,167
331,22,197
520,38,141
155,43,21
710,76,148
777,35,56
863,41,187
803,47,150
358,62,29
251,47,130
869,51,64
624,75,73
365,41,24
894,69,143
856,38,130
505,36,46
326,24,27
257,66,86
860,88,174
388,71,176
353,57,187
900,49,112
432,73,32
260,85,115
802,59,145
493,46,46
113,63,191
130,62,138
234,57,40
454,47,156
635,25,120
769,22,100
687,69,82
553,50,153
689,26,168
649,48,145
309,54,123
538,73,173
845,71,118
875,89,170
739,38,177
674,40,41
347,70,135
627,27,70
365,26,107
653,79,119
536,90,70
752,62,69
475,59,174
632,90,74
570,31,181
670,38,163
463,35,198
156,80,163
368,41,21
597,61,79
853,33,181
527,28,162
574,38,116
805,41,38
173,32,26
770,33,119
561,49,134
857,90,64
286,38,110
437,51,21
252,20,35
808,31,102
109,32,50
818,53,167
738,39,149
211,49,108
695,39,144
290,36,152
798,50,169
724,45,105
531,25,182
761,50,48
265,90,45
700,50,161
801,69,139
320,45,169
175,81,83
233,49,178
587,44,38
294,52,107
219,25,80
637,34,37
688,71,174
474,30,64
506,84,130
260,70,76
753,76,192
176,48,147
401,40,49
373,61,103
255,61,127
144,88,125
773,49,91
499,60,184
438,46,42
196,50,72
625,89,180
847,75,59
536,71,174
276,22,182
329,83,184
355,39,73
239,68,177
517,67,59
323,34,87
142,22,161
874,71,193
338,67,22
701,81,104
621,35,193
824,54,157
839,22,145
608,71,80
112,45,190
698,39,193
512,50,119
575,52,78
495,63,78
758,54,191
351,87,157
228,22,188
824,63,81
219,49,44
521,39,149
841,35,96
649,53,49
808,44,48
190,39,55
755,88,87
207,74,157
652,85,60
348,38,117
192,50,104
605,81,126
703,46,175
888,83,140
779,22,193
700,41,149
300,62,124
328,62,89
438,70,61
491,20,108
472,49,31
496,59,175
494,75,145
176,70,183
330,39,45
272,76,142
537,61,141
822,51,30
387,26,99
639,23,106
373,81,34
333,79,143
739,40,67
767,25,39
205,43,199
762,60,149
654,55,28
850,90,154
840,75,119
707,38,137
168,87,133
789,50,52
541,45,152
129,49,117
217,68,41
781,41,65
652,62,113
711,75,118
377,74,93
235,57,92
865,89,36
337,20,192
842,33,40
128,64,83
212,33,137
565,22,63
341,48,180
268,67,57
521,90,142
894,62,153
682,38,46
417,56,69
424,67,99
848,46,98
609,58,70
363,33,127
169,64,110
379,66,149
588,32,85
450,55,88
870,67,165
869,32,47
661,39,164
145,67,72
689,50,169
865,82,129
222,26,63
429,43,188
871,53,39
876,64,144
446,82,40
606,42,33
756,54,149
338,34,46
852,66,192
170,32,149
150,39,196
234,87,182
263,55,94
504,83,178
657,63,79
552,88,124
741,64,81
128,37,32
843,42,107
658,34,186
409,33,157
124,53,99
817,84,101
361,88,192
665,47,91
171,89,141
435,61,91
422,31,93
333,39,149
307,57,198
765,71,180
216,53,101
785,59,129
365,55,71
530,74,134
382,22,129
762,89,127
769,59,23
486,33,136
535,68,22
496,48,175
595,45,39
700,38,123
140,30,190
428,38,126
848,80,108
203,30,197
317,23,28
484,41,40
170,23,145
715,52,138
252,54,100
299,73,54
870,45,105
688,78,89
835,83,187
538,56,51
566,20,127
256,76,193
760,53,53
740,63,87
800,89,86
219,79,153
295,85,154
695,37,92
607,43,176
400,49,195
422,64,198
163,73,187
835,48,23
605,50,174
529,58,60
107,46,144
202,25,99
115,63,88
530,68,196
176,57,193
889,31,152
827,83,186
373,48,186
138,58,123
383,57,26
180,24,78
873,24,159
592,57,193
838,69,120
498,78,98
358,59,176
482,29,109
860,36,193
225,86,138
337,66,43
346,57,32
314,72,157
758,65,93
249,48,195
407,48,131
489,45,161
638,61,111
738,74,165
628,54,31
248,80,184
398,69,170
379,56,174
392,63,152
628,36,127
800,29,161
313,50,20
811,29,106
653,53,83
815,31,58
403,76,66
809,57,37
447,56,194
527,89,155
111,26,123
470,21,104
208,85,27
355,66,102
372,32,71
655,59,144
206,74,103
246,71,141
279,41,155
777,50,47
114,63,61
106,35,148
361,45,144
709,47,135
624,23,53
795,34,113
807,25,137
527,31,200
879,73,126
328,36,26
827,70,65
128,58,124
619,59,158
760,90,97
291,84,79
693,72,47
537,67,53
689,50,178
229,55,108
870,78,66
229,63,80
468,45,55
496,24,139
354,73,20
711,62,47
488,71,96
883,74,128
820,53,128
591,78,107
758,30,20
870,20,179
549,23,21
203,85,116
269,30,90
546,31,93
773,48,71
179,38,28
288,87,193
439,41,41
319,48,154
626,77,84
645,47,123
278,38,59
698,23,78
185,87,105
373,40,25
220,67,60
403,26,41
376,83,59
854,76,43
556,29,123
368,61,120
845,26,45
887,72,190
216,29,26
379,48,34
393,38,53
892,71,150
159,45,102
431,26,69
665,43,154
439,36,105
160,38,182
323,35,136
632,86,38
834,22,53
502,22,64
551,60,88
679,64,51
134,80,139
791,39,31
326,57,57
449,87,96
776,63,93
311,76,198
533,32,133
533,71,136
100,88,96
411,63,187
191,31,80
788,46,195
584,64,21
798,62,96
847,40,42
260,43,107
704,87,36
443,75,169
190,55,52
884,52,199
875,70,126
723,82,183
135,68,24
365,38,166
766,56,124
541,38,168
449,48,91
768,55,200
235,66,94
772,23,45
669,21,191
541,27,173
489,42,133
531,65,54
415,90,103
379,33,161
717,81,44
195,49,101
362,55,75
341,45,29
799,78,185
464,63,42
601,24,189
489,67,155
130,27,130
851,32,56
869,58,131
422,71,110
737,46,54
601,75,192
501,51,113
699,36,119
554,59,136
747,39,118
858,42,185
687,25,120
783,90,127
859,37,36
636,74,138
670,72,169
730,89,61
821,50,159
690,49,168
531,49,134
423,87,102
759,66,60
180,20,104
363,62,50
898,63,67
857,70,145
264,68,81
198,44,121
398,54,75
343,60,125
167,68,124
362,33,38
138,26,44
888,66,124
621,72,158
827,48,54
557,66,191
339,48,90
838,82,123
489,78,144
134,37,82
872,80,147
676,42,193
144,68,102
551,26,57
111,74,134
889,89,152
376,23,115
648,38,58
709,72,33
269,38,98
809,79,115
457,58,196
879,44,103
705,38,76
248,58,81
457,47,122
863,53,22
150,34,22
245,55,179
259,47,76
566,79,111
211,83,165
633,84,71
835,25,55
814,73,95
776,20,55
798,36,153
320,42,29
161,87,173
474,90,67
537,89,148
786,45,65
112,80,167
412,72,123
870,63,33
831,23,109
611,77,128
730,43,46
467,27,42
190,86,79
781,45,89
410,41,161
718,48,27
760,71,159
848,62,48
574,82,199
738,60,122
629,51,92
728,60,177
600,40,58
125,55,174
128,21,108
693,51,129
360,73,120
533,28,143
767,76,178
296,90,74
555,68,32
707,53,50
409,29,47
510,76,91
389,89,147
242,25,101
463,82,139
502,63,126
200,85,178
248,28,107
555,43,142
700,56,155
282,77,106
111,62,196
814,80,21
871,67,182
705,39,193
496,35,131
132,81,75
189,48,197
220,64,39
841,22,47
443,46,102
824,32,176
340,72,149
500,90,97
471,49,154
391,71,190
663,85,188
399,65,21
117,73,106
710,27,66
476,41,147
603,54,167
892,49,81
384,40,41
238,69,93
442,87,59
266,58,125
776,84,60
648,81,187
789,83,124
548,40,155
